country_code,Country,year,indicator_name,series,value
ARE,United Arab Emirates,2005,APPLIED_WEIGHTED,TM.TAX.MRCH.WM.FN.ZS,4.42
ARE,United Arab Emirates,2005,MFN_WEIGHTED,TM.TAX.MRCH.WM.AR.ZS,4.2
ARE,United Arab Emirates,2007,APPLIED_WEIGHTED,TM.TAX.MRCH.WM.FN.ZS,3.95
ARE,United Arab Emirates,2007,MFN_WEIGHTED,TM.TAX.MRCH.WM.AR.ZS,3.69
ARE,United Arab Emirates,2008,APPLIED_WEIGHTED,TM.TAX.MRCH.WM.FN.ZS,3.88
ARE,United Arab Emirates,2008,MFN_WEIGHTED,TM.TAX.MRCH.WM.AR.ZS,3.62
ARE,United Arab Emirates,2009,APPLIED_WEIGHTED,TM.TAX.MRCH.WM.FN.ZS,3.88
ARE,United Arab Emirates,2009,MFN_WEIGHTED,TM.TAX.MRCH.WM.AR.ZS,3.62
ARE,United Arab Emirates,2011,APPLIED_WEIGHTED,TM.TAX.MRCH.WM.FN.ZS,3.87
ARE,United Arab Emirates,2011,MFN_WEIGHTED,TM.TAX.MRCH.WM.AR.ZS,3.87
ARE,United Arab Emirates,2012,APPLIED_WEIGHTED,TM.TAX.MRCH.WM.FN.ZS,3.6
ARE,United Arab Emirates,2012,MFN_WEIGHTED,TM.TAX.MRCH.WM.AR.ZS,3.53
ARE,United Arab Emirates,2013,APPLIED_WEIGHTED,TM.TAX.MRCH.WM.FN.ZS,3.69
ARE,United Arab Emirates,2013,MFN_WEIGHTED,TM.TAX.MRCH.WM.AR.ZS,3.61
ARE,United Arab Emirates,2014,APPLIED_WEIGHTED,TM.TAX.MRCH.WM.FN.ZS,3.6
ARE,United Arab Emirates,2014,MFN_WEIGHTED,TM.TAX.MRCH.WM.AR.ZS,3.21
ARE,United Arab Emirates,2015,APPLIED_WEIGHTED,TM.TAX.MRCH.WM.FN.ZS,3.34
ARE,United Arab Emirates,2015,MFN_WEIGHTED,TM.TAX.MRCH.WM.AR.ZS,2.99
ARE,United Arab Emirates,2016,APPLIED_WEIGHTED,TM.TAX.MRCH.WM.FN.ZS,3.18
ARE,United Arab Emirates,2016,MFN_WEIGHTED,TM.TAX.MRCH.WM.AR.ZS,2.82
ARE,United Arab Emirates,2017,APPLIED_WEIGHTED,TM.TAX.MRCH.WM.FN.ZS,4.91
ARE,United Arab Emirates,2017,MFN_WEIGHTED,TM.TAX.MRCH.WM.AR.ZS,4.75
ARE,United Arab Emirates,2018,APPLIED_WEIGHTED,TM.TAX.MRCH.WM.FN.ZS,4.71
ARE,United Arab Emirates,2018,MFN_WEIGHTED,TM.TAX.MRCH.WM.AR.ZS,4.4
ARE,United Arab Emirates,2019,APPLIED_WEIGHTED,TM.TAX.MRCH.WM.FN.ZS,4.27
ARE,United Arab Emirates,2019,MFN_WEIGHTED,TM.TAX.MRCH.WM.AR.ZS,3.94
ARE,United Arab Emirates,2020,APPLIED_WEIGHTED,TM.TAX.MRCH.WM.FN.ZS,3.6
ARE,United Arab Emirates,2020,MFN_WEIGHTED,TM.TAX.MRCH.WM.AR.ZS,3.28
ARE,United Arab Emirates,2021,APPLIED_WEIGHTED,TM.TAX.MRCH.WM.FN.ZS,2.97
ARE,United Arab Emirates,2021,MFN_WEIGHTED,TM.TAX.MRCH.WM.AR.ZS,2.63
ARG,Argentina,2005,APPLIED_WEIGHTED,TM.TAX.MRCH.WM.FN.ZS,11.74
ARG,Argentina,2005,MFN_WEIGHTED,TM.TAX.MRCH.WM.AR.ZS,5.22
ARG,Argentina,2006,APPLIED_WEIGHTED,TM.TAX.MRCH.WM.FN.ZS,11.92
ARG,Argentina,2006,MFN_WEIGHTED,TM.TAX.MRCH.WM.AR.ZS,5.49
ARG,Argentina,2007,APPLIED_WEIGHTED,TM.TAX.MRCH.WM.FN.ZS,12.17
ARG,Argentina,2007,MFN_WEIGHTED,TM.TAX.MRCH.WM.AR.ZS,5.83
ARG,Argentina,2008,APPLIED_WEIGHTED,TM.TAX.MRCH.WM.FN.ZS,10.43
ARG,Argentina,2008,MFN_WEIGHTED,TM.TAX.MRCH.WM.AR.ZS,5.39
ARG,Argentina,2009,APPLIED_WEIGHTED,TM.TAX.MRCH.WM.FN.ZS,12.21
ARG,Argentina,2009,MFN_WEIGHTED,TM.TAX.MRCH.WM.AR.ZS,5.93
ARG,Argentina,2010,APPLIED_WEIGHTED,TM.TAX.MRCH.WM.FN.ZS,12.52
ARG,Argentina,2010,MFN_WEIGHTED,TM.TAX.MRCH.WM.AR.ZS,5.99
ARG,Argentina,2011,APPLIED_WEIGHTED,TM.TAX.MRCH.WM.FN.ZS,12.03
ARG,Argentina,2011,MFN_WEIGHTED,TM.TAX.MRCH.WM.AR.ZS,5.68
ARG,Argentina,2012,APPLIED_WEIGHTED,TM.TAX.MRCH.WM.FN.ZS,11.92
ARG,Argentina,2012,MFN_WEIGHTED,TM.TAX.MRCH.WM.AR.ZS,6.02
ARG,Argentina,2013,APPLIED_WEIGHTED,TM.TAX.MRCH.WM.FN.ZS,11.01
ARG,Argentina,2013,MFN_WEIGHTED,TM.TAX.MRCH.WM.AR.ZS,6.27
ARG,Argentina,2014,APPLIED_WEIGHTED,TM.TAX.MRCH.WM.FN.ZS,11.5
ARG,Argentina,2014,MFN_WEIGHTED,TM.TAX.MRCH.WM.AR.ZS,6.63
ARG,Argentina,2015,APPLIED_WEIGHTED,TM.TAX.MRCH.WM.FN.ZS,11.53
ARG,Argentina,2015,MFN_WEIGHTED,TM.TAX.MRCH.WM.AR.ZS,7.35
ARG,Argentina,2016,APPLIED_WEIGHTED,TM.TAX.MRCH.WM.FN.ZS,12.32
ARG,Argentina,2016,MFN_WEIGHTED,TM.TAX.MRCH.WM.AR.ZS,7.53
ARG,Argentina,2017,APPLIED_WEIGHTED,TM.TAX.MRCH.WM.FN.ZS,14.68
ARG,Argentina,2017,MFN_WEIGHTED,TM.TAX.MRCH.WM.AR.ZS,7.93
ARG,Argentina,2018,APPLIED_WEIGHTED,TM.TAX.MRCH.WM.FN.ZS,12.41
ARG,Argentina,2018,MFN_WEIGHTED,TM.TAX.MRCH.WM.AR.ZS,7.42
ARG,Argentina,2019,APPLIED_WEIGHTED,TM.TAX.MRCH.WM.FN.ZS,11.47
ARG,Argentina,2019,MFN_WEIGHTED,TM.TAX.MRCH.WM.AR.ZS,7.26
ARG,Argentina,2020,APPLIED_WEIGHTED,TM.TAX.MRCH.WM.FN.ZS,11.14
ARG,Argentina,2020,MFN_WEIGHTED,TM.TAX.MRCH.WM.AR.ZS,6.88
ARG,Argentina,2021,APPLIED_WEIGHTED,TM.TAX.MRCH.WM.FN.ZS,10.4
ARG,Argentina,2021,MFN_WEIGHTED,TM.TAX.MRCH.WM.AR.ZS,6.51
ARG,Argentina,2022,APPLIED_WEIGHTED,TM.TAX.MRCH.WM.FN.ZS,10.29
ARG,Argentina,2022,MFN_WEIGHTED,TM.TAX.MRCH.WM.AR.ZS,6.45
AUS,Australia,2005,APPLIED_WEIGHTED,TM.TAX.MRCH.WM.FN.ZS,3.3
AUS,Australia,2005,MFN_WEIGHTED,TM.TAX.MRCH.WM.AR.ZS,3.07
AUS,Australia,2006,APPLIED_WEIGHTED,TM.TAX.MRCH.WM.FN.ZS,4.09
AUS,Australia,2006,MFN_WEIGHTED,TM.TAX.MRCH.WM.AR.ZS,3.38
AUS,Australia,2007,APPLIED_WEIGHTED,TM.TAX.MRCH.WM.FN.ZS,4.26
AUS,Australia,2007,MFN_WEIGHTED,TM.TAX.MRCH.WM.AR.ZS,3.45
AUS,Australia,2008,APPLIED_WEIGHTED,TM.TAX.MRCH.WM.FN.ZS,3.88
AUS,Australia,2008,MFN_WEIGHTED,TM.TAX.MRCH.WM.AR.ZS,3.15
AUS,Australia,2009,APPLIED_WEIGHTED,TM.TAX.MRCH.WM.FN.ZS,3.96
AUS,Australia,2009,MFN_WEIGHTED,TM.TAX.MRCH.WM.AR.ZS,3.67
AUS,Australia,2010,APPLIED_WEIGHTED,TM.TAX.MRCH.WM.FN.ZS,3.61
AUS,Australia,2010,MFN_WEIGHTED,TM.TAX.MRCH.WM.AR.ZS,2.8
AUS,Australia,2011,APPLIED_WEIGHTED,TM.TAX.MRCH.WM.FN.ZS,2.47
AUS,Australia,2011,MFN_WEIGHTED,TM.TAX.MRCH.WM.AR.ZS,1.77
AUS,Australia,2012,APPLIED_WEIGHTED,TM.TAX.MRCH.WM.FN.ZS,2.58
AUS,Australia,2012,MFN_WEIGHTED,TM.TAX.MRCH.WM.AR.ZS,1.81
AUS,Australia,2013,APPLIED_WEIGHTED,TM.TAX.MRCH.WM.FN.ZS,2.63
AUS,Australia,2013,MFN_WEIGHTED,TM.TAX.MRCH.WM.AR.ZS,1.84
AUS,Australia,2014,APPLIED_WEIGHTED,TM.TAX.MRCH.WM.FN.ZS,2.69
AUS,Australia,2014,MFN_WEIGHTED,TM.TAX.MRCH.WM.AR.ZS,1.91
AUS,Australia,2015,APPLIED_WEIGHTED,TM.TAX.MRCH.WM.FN.ZS,2.72
AUS,Australia,2015,MFN_WEIGHTED,TM.TAX.MRCH.WM.AR.ZS,1.9
AUS,Australia,2016,APPLIED_WEIGHTED,TM.TAX.MRCH.WM.FN.ZS,2.71
AUS,Australia,2016,MFN_WEIGHTED,TM.TAX.MRCH.WM.AR.ZS,1.18
AUS,Australia,2017,APPLIED_WEIGHTED,TM.TAX.MRCH.WM.FN.ZS,2.9
AUS,Australia,2017,MFN_WEIGHTED,TM.TAX.MRCH.WM.AR.ZS,0.89
AUS,Australia,2018,APPLIED_WEIGHTED,TM.TAX.MRCH.WM.FN.ZS,2.86
AUS,Australia,2018,MFN_WEIGHTED,TM.TAX.MRCH.WM.AR.ZS,0.86
AUS,Australia,2019,APPLIED_WEIGHTED,TM.TAX.MRCH.WM.FN.ZS,2.72
AUS,Australia,2019,MFN_WEIGHTED,TM.TAX.MRCH.WM.AR.ZS,0.77
AUS,Australia,2020,APPLIED_WEIGHTED,TM.TAX.MRCH.WM.FN.ZS,2.73
AUS,Australia,2020,MFN_WEIGHTED,TM.TAX.MRCH.WM.AR.ZS,0.71
AUS,Australia,2021,APPLIED_WEIGHTED,TM.TAX.MRCH.WM.FN.ZS,2.86
AUS,Australia,2021,MFN_WEIGHTED,TM.TAX.MRCH.WM.AR.ZS,0.81
AUS,Australia,2022,APPLIED_WEIGHTED,TM.TAX.MRCH.WM.FN.ZS,2.84
AUS,Australia,2022,MFN_WEIGHTED,TM.TAX.MRCH.WM.AR.ZS,0.99
BGD,Bangladesh,2005,APPLIED_WEIGHTED,TM.TAX.MRCH.WM.FN.ZS,22.7
BGD,Bangladesh,2005,MFN_WEIGHTED,TM.TAX.MRCH.WM.AR.ZS,22.7
BGD,Bangladesh,2006,APPLIED_WEIGHTED,TM.TAX.MRCH.WM.FN.ZS,21.64
BGD,Bangladesh,2006,MFN_WEIGHTED,TM.TAX.MRCH.WM.AR.ZS,21.62
BGD,Bangladesh,2007,APPLIED_WEIGHTED,TM.TAX.MRCH.WM.FN.ZS,9.25
BGD,Bangladesh,2007,MFN_WEIGHTED,TM.TAX.MRCH.WM.AR.ZS,9.23
BGD,Bangladesh,2008,APPLIED_WEIGHTED,TM.TAX.MRCH.WM.FN.ZS,7.71
BGD,Bangladesh,2008,MFN_WEIGHTED,TM.TAX.MRCH.WM.AR.ZS,7.71
BGD,Bangladesh,2009,APPLIED_WEIGHTED,TM.TAX.MRCH.WM.FN.ZS,10.71
BGD,Bangladesh,2009,MFN_WEIGHTED,TM.TAX.MRCH.WM.AR.ZS,10.71
BGD,Bangladesh,2010,APPLIED_WEIGHTED,TM.TAX.MRCH.WM.FN.ZS,9.94
BGD,Bangladesh,2010,MFN_WEIGHTED,TM.TAX.MRCH.WM.AR.ZS,9.94
BGD,Bangladesh,2011,APPLIED_WEIGHTED,TM.TAX.MRCH.WM.FN.ZS,9.63
BGD,Bangladesh,2011,MFN_WEIGHTED,TM.TAX.MRCH.WM.AR.ZS,9.63
BGD,Bangladesh,2012,APPLIED_WEIGHTED,TM.TAX.MRCH.WM.FN.ZS,12.84
BGD,Bangladesh,2012,MFN_WEIGHTED,TM.TAX.MRCH.WM.AR.ZS,12.84
BGD,Bangladesh,2013,APPLIED_WEIGHTED,TM.TAX.MRCH.WM.FN.ZS,12.09
BGD,Bangladesh,2013,MFN_WEIGHTED,TM.TAX.MRCH.WM.AR.ZS,12.09
BGD,Bangladesh,2015,APPLIED_WEIGHTED,TM.TAX.MRCH.WM.FN.ZS,12.32
BGD,Bangladesh,2015,MFN_WEIGHTED,TM.TAX.MRCH.WM.AR.ZS,11.82
BGD,Bangladesh,2016,APPLIED_WEIGHTED,TM.TAX.MRCH.WM.FN.ZS,11.03
BGD,Bangladesh,2016,MFN_WEIGHTED,TM.TAX.MRCH.WM.AR.ZS,10.72
BGD,Bangladesh,2019,APPLIED_WEIGHTED,TM.TAX.MRCH.WM.FN.ZS,9.34
BGD,Bangladesh,2019,MFN_WEIGHTED,TM.TAX.MRCH.WM.AR.ZS,8.64
BGD,Bangladesh,2020,APPLIED_WEIGHTED,TM.TAX.MRCH.WM.FN.ZS,11.48
BGD,Bangladesh,2020,MFN_WEIGHTED,TM.TAX.MRCH.WM.AR.ZS,10.99
BGD,Bangladesh,2021,APPLIED_WEIGHTED,TM.TAX.MRCH.WM.FN.ZS,11.44
BGD,Bangladesh,2021,MFN_WEIGHTED,TM.TAX.MRCH.WM.AR.ZS,10.95
BGD,Bangladesh,2022,APPLIED_WEIGHTED,TM.TAX.MRCH.WM.FN.ZS,11.0
BGD,Bangladesh,2022,MFN_WEIGHTED,TM.TAX.MRCH.WM.AR.ZS,10.56
BRA,Brazil,2005,APPLIED_WEIGHTED,TM.TAX.MRCH.WM.FN.ZS,8.54
BRA,Brazil,2005,MFN_WEIGHTED,TM.TAX.MRCH.WM.AR.ZS,7.17
BRA,Brazil,2006,APPLIED_WEIGHTED,TM.TAX.MRCH.WM.FN.ZS,8.46
BRA,Brazil,2006,MFN_WEIGHTED,TM.TAX.MRCH.WM.AR.ZS,6.7
BRA,Brazil,2007,APPLIED_WEIGHTED,TM.TAX.MRCH.WM.FN.ZS,8.58
BRA,Brazil,2007,MFN_WEIGHTED,TM.TAX.MRCH.WM.AR.ZS,6.77
BRA,Brazil,2008,APPLIED_WEIGHTED,TM.TAX.MRCH.WM.FN.ZS,8.58
BRA,Brazil,2008,MFN_WEIGHTED,TM.TAX.MRCH.WM.AR.ZS,6.74
BRA,Brazil,2009,APPLIED_WEIGHTED,TM.TAX.MRCH.WM.FN.ZS,9.92
BRA,Brazil,2009,MFN_WEIGHTED,TM.TAX.MRCH.WM.AR.ZS,7.59
BRA,Brazil,2010,APPLIED_WEIGHTED,TM.TAX.MRCH.WM.FN.ZS,10.09
BRA,Brazil,2010,MFN_WEIGHTED,TM.TAX.MRCH.WM.AR.ZS,7.76
BRA,Brazil,2011,APPLIED_WEIGHTED,TM.TAX.MRCH.WM.FN.ZS,10.1
BRA,Brazil,2011,MFN_WEIGHTED,TM.TAX.MRCH.WM.AR.ZS,7.84
BRA,Brazil,2012,APPLIED_WEIGHTED,TM.TAX.MRCH.WM.FN.ZS,10.12
BRA,Brazil,2012,MFN_WEIGHTED,TM.TAX.MRCH.WM.AR.ZS,7.76
BRA,Brazil,2013,APPLIED_WEIGHTED,TM.TAX.MRCH.WM.FN.ZS,10.08
BRA,Brazil,2013,MFN_WEIGHTED,TM.TAX.MRCH.WM.AR.ZS,10.08
BRA,Brazil,2014,APPLIED_WEIGHTED,TM.TAX.MRCH.WM.FN.ZS,9.92
BRA,Brazil,2014,MFN_WEIGHTED,TM.TAX.MRCH.WM.AR.ZS,7.79
BRA,Brazil,2015,APPLIED_WEIGHTED,TM.TAX.MRCH.WM.FN.ZS,10.32
BRA,Brazil,2015,MFN_WEIGHTED,TM.TAX.MRCH.WM.AR.ZS,8.27
BRA,Brazil,2016,APPLIED_WEIGHTED,TM.TAX.MRCH.WM.FN.ZS,10.19
BRA,Brazil,2016,MFN_WEIGHTED,TM.TAX.MRCH.WM.AR.ZS,8.01
BRA,Brazil,2017,APPLIED_WEIGHTED,TM.TAX.MRCH.WM.FN.ZS,10.87
BRA,Brazil,2017,MFN_WEIGHTED,TM.TAX.MRCH.WM.AR.ZS,8.59
BRA,Brazil,2018,APPLIED_WEIGHTED,TM.TAX.MRCH.WM.FN.ZS,10.99
BRA,Brazil,2018,MFN_WEIGHTED,TM.TAX.MRCH.WM.AR.ZS,7.95
BRA,Brazil,2019,APPLIED_WEIGHTED,TM.TAX.MRCH.WM.FN.ZS,10.82
BRA,Brazil,2019,MFN_WEIGHTED,TM.TAX.MRCH.WM.AR.ZS,7.97
BRA,Brazil,2020,APPLIED_WEIGHTED,TM.TAX.MRCH.WM.FN.ZS,10.25
BRA,Brazil,2020,MFN_WEIGHTED,TM.TAX.MRCH.WM.AR.ZS,8.41
BRA,Brazil,2021,APPLIED_WEIGHTED,TM.TAX.MRCH.WM.FN.ZS,9.61
BRA,Brazil,2021,MFN_WEIGHTED,TM.TAX.MRCH.WM.AR.ZS,7.76
BRA,Brazil,2022,APPLIED_WEIGHTED,TM.TAX.MRCH.WM.FN.ZS,9.06
BRA,Brazil,2022,MFN_WEIGHTED,TM.TAX.MRCH.WM.AR.ZS,7.26
BRN,Brunei Darussalam,2005,APPLIED_WEIGHTED,TM.TAX.MRCH.WM.FN.ZS,6.2
BRN,Brunei Darussalam,2005,MFN_WEIGHTED,TM.TAX.MRCH.WM.AR.ZS,5.85
BRN,Brunei Darussalam,2006,APPLIED_WEIGHTED,TM.TAX.MRCH.WM.FN.ZS,5.94
BRN,Brunei Darussalam,2006,MFN_WEIGHTED,TM.TAX.MRCH.WM.AR.ZS,5.46
BRN,Brunei Darussalam,2007,APPLIED_WEIGHTED,TM.TAX.MRCH.WM.FN.ZS,5.71
BRN,Brunei Darussalam,2007,MFN_WEIGHTED,TM.TAX.MRCH.WM.AR.ZS,5.24
BRN,Brunei Darussalam,2008,APPLIED_WEIGHTED,TM.TAX.MRCH.WM.FN.ZS,2.02
BRN,Brunei Darussalam,2008,MFN_WEIGHTED,TM.TAX.MRCH.WM.AR.ZS,1.52
BRN,Brunei Darussalam,2009,APPLIED_WEIGHTED,TM.TAX.MRCH.WM.FN.ZS,2.51
BRN,Brunei Darussalam,2009,MFN_WEIGHTED,TM.TAX.MRCH.WM.AR.ZS,1.42
BRN,Brunei Darussalam,2010,APPLIED_WEIGHTED,TM.TAX.MRCH.WM.FN.ZS,2.51
BRN,Brunei Darussalam,2010,MFN_WEIGHTED,TM.TAX.MRCH.WM.AR.ZS,2.51
BRN,Brunei Darussalam,2011,APPLIED_WEIGHTED,TM.TAX.MRCH.WM.FN.ZS,2.45
BRN,Brunei Darussalam,2011,MFN_WEIGHTED,TM.TAX.MRCH.WM.AR.ZS,0.95
BRN,Brunei Darussalam,2014,APPLIED_WEIGHTED,TM.TAX.MRCH.WM.FN.ZS,1.13
BRN,Brunei Darussalam,2014,MFN_WEIGHTED,TM.TAX.MRCH.WM.AR.ZS,0.46
BRN,Brunei Darussalam,2016,APPLIED_WEIGHTED,TM.TAX.MRCH.WM.FN.ZS,1.19
BRN,Brunei Darussalam,2016,MFN_WEIGHTED,TM.TAX.MRCH.WM.AR.ZS,0.5
BRN,Brunei Darussalam,2017,APPLIED_WEIGHTED,TM.TAX.MRCH.WM.FN.ZS,0.12
BRN,Brunei Darussalam,2017,MFN_WEIGHTED,TM.TAX.MRCH.WM.AR.ZS,0.03
BRN,Brunei Darussalam,2018,APPLIED_WEIGHTED,TM.TAX.MRCH.WM.FN.ZS,0.11
BRN,Brunei Darussalam,2018,MFN_WEIGHTED,TM.TAX.MRCH.WM.AR.ZS,0.03
BRN,Brunei Darussalam,2019,APPLIED_WEIGHTED,TM.TAX.MRCH.WM.FN.ZS,0.08
BRN,Brunei Darussalam,2019,MFN_WEIGHTED,TM.TAX.MRCH.WM.AR.ZS,0.02
BRN,Brunei Darussalam,2020,APPLIED_WEIGHTED,TM.TAX.MRCH.WM.FN.ZS,0.08
BRN,Brunei Darussalam,2020,MFN_WEIGHTED,TM.TAX.MRCH.WM.AR.ZS,0.02
BRN,Brunei Darussalam,2021,APPLIED_WEIGHTED,TM.TAX.MRCH.WM.FN.ZS,0.1
BRN,Brunei Darussalam,2021,MFN_WEIGHTED,TM.TAX.MRCH.WM.AR.ZS,0.02
BRN,Brunei Darussalam,2022,APPLIED_WEIGHTED,TM.TAX.MRCH.WM.FN.ZS,0.05
BRN,Brunei Darussalam,2022,MFN_WEIGHTED,TM.TAX.MRCH.WM.AR.ZS,0.01
CHL,Chile,2005,APPLIED_WEIGHTED,TM.TAX.MRCH.WM.FN.ZS,5.95
CHL,Chile,2005,MFN_WEIGHTED,TM.TAX.MRCH.WM.AR.ZS,3.99
CHL,Chile,2006,APPLIED_WEIGHTED,TM.TAX.MRCH.WM.FN.ZS,5.89
CHL,Chile,2006,MFN_WEIGHTED,TM.TAX.MRCH.WM.AR.ZS,2.36
CHL,Chile,2007,APPLIED_WEIGHTED,TM.TAX.MRCH.WM.FN.ZS,5.92
CHL,Chile,2007,MFN_WEIGHTED,TM.TAX.MRCH.WM.AR.ZS,2.95
CHL,Chile,2008,APPLIED_WEIGHTED,TM.TAX.MRCH.WM.FN.ZS,5.91
CHL,Chile,2008,MFN_WEIGHTED,TM.TAX.MRCH.WM.AR.ZS,2.27
CHL,Chile,2009,APPLIED_WEIGHTED,TM.TAX.MRCH.WM.FN.ZS,5.94
CHL,Chile,2009,MFN_WEIGHTED,TM.TAX.MRCH.WM.AR.ZS,1.92
CHL,Chile,2010,APPLIED_WEIGHTED,TM.TAX.MRCH.WM.FN.ZS,5.94
CHL,Chile,2010,MFN_WEIGHTED,TM.TAX.MRCH.WM.AR.ZS,2.08
CHL,Chile,2011,APPLIED_WEIGHTED,TM.TAX.MRCH.WM.FN.ZS,5.92
CHL,Chile,2011,MFN_WEIGHTED,TM.TAX.MRCH.WM.AR.ZS,1.98
CHL,Chile,2012,APPLIED_WEIGHTED,TM.TAX.MRCH.WM.FN.ZS,5.83
CHL,Chile,2012,MFN_WEIGHTED,TM.TAX.MRCH.WM.AR.ZS,1.78
CHL,Chile,2013,APPLIED_WEIGHTED,TM.TAX.MRCH.WM.FN.ZS,5.89
CHL,Chile,2013,MFN_WEIGHTED,TM.TAX.MRCH.WM.AR.ZS,5.89
CHL,Chile,2015,APPLIED_WEIGHTED,TM.TAX.MRCH.WM.FN.ZS,5.9
CHL,Chile,2015,MFN_WEIGHTED,TM.TAX.MRCH.WM.AR.ZS,0.64
CHL,Chile,2016,APPLIED_WEIGHTED,TM.TAX.MRCH.WM.FN.ZS,5.89
CHL,Chile,2016,MFN_WEIGHTED,TM.TAX.MRCH.WM.AR.ZS,5.89
CHL,Chile,2017,APPLIED_WEIGHTED,TM.TAX.MRCH.WM.FN.ZS,5.97
CHL,Chile,2017,MFN_WEIGHTED,TM.TAX.MRCH.WM.AR.ZS,0.49
CHL,Chile,2018,APPLIED_WEIGHTED,TM.TAX.MRCH.WM.FN.ZS,5.98
CHL,Chile,2018,MFN_WEIGHTED,TM.TAX.MRCH.WM.AR.ZS,0.49
CHL,Chile,2019,APPLIED_WEIGHTED,TM.TAX.MRCH.WM.FN.ZS,5.97
CHL,Chile,2019,MFN_WEIGHTED,TM.TAX.MRCH.WM.AR.ZS,0.43
CHL,Chile,2020,APPLIED_WEIGHTED,TM.TAX.MRCH.WM.FN.ZS,5.97
CHL,Chile,2020,MFN_WEIGHTED,TM.TAX.MRCH.WM.AR.ZS,0.43
CHL,Chile,2021,APPLIED_WEIGHTED,TM.TAX.MRCH.WM.FN.ZS,5.99
CHL,Chile,2021,MFN_WEIGHTED,TM.TAX.MRCH.WM.AR.ZS,0.43
CHL,Chile,2022,APPLIED_WEIGHTED,TM.TAX.MRCH.WM.FN.ZS,5.99
CHL,Chile,2022,MFN_WEIGHTED,TM.TAX.MRCH.WM.AR.ZS,0.46
CHN,China,2005,APPLIED_WEIGHTED,TM.TAX.MRCH.WM.FN.ZS,4.9
CHN,China,2005,MFN_WEIGHTED,TM.TAX.MRCH.WM.AR.ZS,4.87
CHN,China,2006,APPLIED_WEIGHTED,TM.TAX.MRCH.WM.FN.ZS,4.4
CHN,China,2006,MFN_WEIGHTED,TM.TAX.MRCH.WM.AR.ZS,4.25
CHN,China,2007,APPLIED_WEIGHTED,TM.TAX.MRCH.WM.FN.ZS,5.48
CHN,China,2007,MFN_WEIGHTED,TM.TAX.MRCH.WM.AR.ZS,5.07
CHN,China,2008,APPLIED_WEIGHTED,TM.TAX.MRCH.WM.FN.ZS,4.87
CHN,China,2008,MFN_WEIGHTED,TM.TAX.MRCH.WM.AR.ZS,4.47
CHN,China,2009,APPLIED_WEIGHTED,TM.TAX.MRCH.WM.FN.ZS,3.97
CHN,China,2009,MFN_WEIGHTED,TM.TAX.MRCH.WM.AR.ZS,3.94
CHN,China,2010,APPLIED_WEIGHTED,TM.TAX.MRCH.WM.FN.ZS,5.3
CHN,China,2010,MFN_WEIGHTED,TM.TAX.MRCH.WM.AR.ZS,4.65
CHN,China,2011,APPLIED_WEIGHTED,TM.TAX.MRCH.WM.FN.ZS,6.97
CHN,China,2011,MFN_WEIGHTED,TM.TAX.MRCH.WM.AR.ZS,5.99
CHN,China,2014,APPLIED_WEIGHTED,TM.TAX.MRCH.WM.FN.ZS,5.6
CHN,China,2014,MFN_WEIGHTED,TM.TAX.MRCH.WM.AR.ZS,4.74
CHN,China,2015,APPLIED_WEIGHTED,TM.TAX.MRCH.WM.FN.ZS,5.58
CHN,China,2015,MFN_WEIGHTED,TM.TAX.MRCH.WM.AR.ZS,4.52
CHN,China,2016,APPLIED_WEIGHTED,TM.TAX.MRCH.WM.FN.ZS,4.29
CHN,China,2016,MFN_WEIGHTED,TM.TAX.MRCH.WM.AR.ZS,3.54
CHN,China,2017,APPLIED_WEIGHTED,TM.TAX.MRCH.WM.FN.ZS,4.89
CHN,China,2017,MFN_WEIGHTED,TM.TAX.MRCH.WM.AR.ZS,3.83
CHN,China,2018,APPLIED_WEIGHTED,TM.TAX.MRCH.WM.FN.ZS,4.27
CHN,China,2018,MFN_WEIGHTED,TM.TAX.MRCH.WM.AR.ZS,3.39
CHN,China,2019,APPLIED_WEIGHTED,TM.TAX.MRCH.WM.FN.ZS,3.29
CHN,China,2019,MFN_WEIGHTED,TM.TAX.MRCH.WM.AR.ZS,2.53
CHN,China,2020,APPLIED_WEIGHTED,TM.TAX.MRCH.WM.FN.ZS,3.31
CHN,China,2020,MFN_WEIGHTED,TM.TAX.MRCH.WM.AR.ZS,2.47
CHN,China,2021,APPLIED_WEIGHTED,TM.TAX.MRCH.WM.FN.ZS,3.08
CHN,China,2021,MFN_WEIGHTED,TM.TAX.MRCH.WM.AR.ZS,2.31
CHN,China,2022,APPLIED_WEIGHTED,TM.TAX.MRCH.WM.FN.ZS,2.86
CHN,China,2022,MFN_WEIGHTED,TM.TAX.MRCH.WM.AR.ZS,2.18
CZE,Czechia,2005,APPLIED_WEIGHTED,TM.TAX.MRCH.WM.FN.ZS,3.54
CZE,Czechia,2005,MFN_WEIGHTED,TM.TAX.MRCH.WM.AR.ZS,2.46
CZE,Czechia,2006,APPLIED_WEIGHTED,TM.TAX.MRCH.WM.FN.ZS,3.33
CZE,Czechia,2006,MFN_WEIGHTED,TM.TAX.MRCH.WM.AR.ZS,2.3
CZE,Czechia,2007,APPLIED_WEIGHTED,TM.TAX.MRCH.WM.FN.ZS,3.23
CZE,Czechia,2007,MFN_WEIGHTED,TM.TAX.MRCH.WM.AR.ZS,2.24
CZE,Czechia,2008,APPLIED_WEIGHTED,TM.TAX.MRCH.WM.FN.ZS,2.99
CZE,Czechia,2008,MFN_WEIGHTED,TM.TAX.MRCH.WM.AR.ZS,1.72
CZE,Czechia,2009,APPLIED_WEIGHTED,TM.TAX.MRCH.WM.FN.ZS,3.23
CZE,Czechia,2009,MFN_WEIGHTED,TM.TAX.MRCH.WM.AR.ZS,1.85
CZE,Czechia,2010,APPLIED_WEIGHTED,TM.TAX.MRCH.WM.FN.ZS,3.08
CZE,Czechia,2010,MFN_WEIGHTED,TM.TAX.MRCH.WM.AR.ZS,2.13
CZE,Czechia,2011,APPLIED_WEIGHTED,TM.TAX.MRCH.WM.FN.ZS,3.0
CZE,Czechia,2011,MFN_WEIGHTED,TM.TAX.MRCH.WM.AR.ZS,1.59
CZE,Czechia,2012,APPLIED_WEIGHTED,TM.TAX.MRCH.WM.FN.ZS,2.84
CZE,Czechia,2012,MFN_WEIGHTED,TM.TAX.MRCH.WM.AR.ZS,1.46
CZE,Czechia,2013,APPLIED_WEIGHTED,TM.TAX.MRCH.WM.FN.ZS,2.95
CZE,Czechia,2013,MFN_WEIGHTED,TM.TAX.MRCH.WM.AR.ZS,1.49
CZE,Czechia,2014,APPLIED_WEIGHTED,TM.TAX.MRCH.WM.FN.ZS,3.07
CZE,Czechia,2014,MFN_WEIGHTED,TM.TAX.MRCH.WM.AR.ZS,2.03
CZE,Czechia,2015,APPLIED_WEIGHTED,TM.TAX.MRCH.WM.FN.ZS,3.09
CZE,Czechia,2015,MFN_WEIGHTED,TM.TAX.MRCH.WM.AR.ZS,2.02
CZE,Czechia,2016,APPLIED_WEIGHTED,TM.TAX.MRCH.WM.FN.ZS,3.29
CZE,Czechia,2016,MFN_WEIGHTED,TM.TAX.MRCH.WM.AR.ZS,2.09
CZE,Czechia,2017,APPLIED_WEIGHTED,TM.TAX.MRCH.WM.FN.ZS,3.27
CZE,Czechia,2017,MFN_WEIGHTED,TM.TAX.MRCH.WM.AR.ZS,1.96
CZE,Czechia,2018,APPLIED_WEIGHTED,TM.TAX.MRCH.WM.FN.ZS,3.11
CZE,Czechia,2018,MFN_WEIGHTED,TM.TAX.MRCH.WM.AR.ZS,1.83
CZE,Czechia,2019,APPLIED_WEIGHTED,TM.TAX.MRCH.WM.FN.ZS,3.08
CZE,Czechia,2019,MFN_WEIGHTED,TM.TAX.MRCH.WM.AR.ZS,1.84
CZE,Czechia,2020,APPLIED_WEIGHTED,TM.TAX.MRCH.WM.FN.ZS,2.8
CZE,Czechia,2020,MFN_WEIGHTED,TM.TAX.MRCH.WM.AR.ZS,1.48
CZE,Czechia,2021,APPLIED_WEIGHTED,TM.TAX.MRCH.WM.FN.ZS,2.85
CZE,Czechia,2021,MFN_WEIGHTED,TM.TAX.MRCH.WM.AR.ZS,1.39
CZE,Czechia,2022,APPLIED_WEIGHTED,TM.TAX.MRCH.WM.FN.ZS,2.68
CZE,Czechia,2022,MFN_WEIGHTED,TM.TAX.MRCH.WM.AR.ZS,1.33
DZA,Algeria,2005,APPLIED_WEIGHTED,TM.TAX.MRCH.WM.FN.ZS,11.66
DZA,Algeria,2005,MFN_WEIGHTED,TM.TAX.MRCH.WM.AR.ZS,10.23
DZA,Algeria,2006,APPLIED_WEIGHTED,TM.TAX.MRCH.WM.FN.ZS,11.93
DZA,Algeria,2006,MFN_WEIGHTED,TM.TAX.MRCH.WM.AR.ZS,9.93
DZA,Algeria,2007,APPLIED_WEIGHTED,TM.TAX.MRCH.WM.FN.ZS,11.47
DZA,Algeria,2007,MFN_WEIGHTED,TM.TAX.MRCH.WM.AR.ZS,9.63
DZA,Algeria,2008,APPLIED_WEIGHTED,TM.TAX.MRCH.WM.FN.ZS,11.37
DZA,Algeria,2008,MFN_WEIGHTED,TM.TAX.MRCH.WM.AR.ZS,9.2
DZA,Algeria,2009,APPLIED_WEIGHTED,TM.TAX.MRCH.WM.FN.ZS,11.93
DZA,Algeria,2009,MFN_WEIGHTED,TM.TAX.MRCH.WM.AR.ZS,9.36
DZA,Algeria,2014,APPLIED_WEIGHTED,TM.TAX.MRCH.WM.FN.ZS,12.52
DZA,Algeria,2014,MFN_WEIGHTED,TM.TAX.MRCH.WM.AR.ZS,8.35
DZA,Algeria,2015,APPLIED_WEIGHTED,TM.TAX.MRCH.WM.FN.ZS,12.02
DZA,Algeria,2015,MFN_WEIGHTED,TM.TAX.MRCH.WM.AR.ZS,8.27
DZA,Algeria,2016,APPLIED_WEIGHTED,TM.TAX.MRCH.WM.FN.ZS,12.6
DZA,Algeria,2016,MFN_WEIGHTED,TM.TAX.MRCH.WM.AR.ZS,8.85
DZA,Algeria,2017,APPLIED_WEIGHTED,TM.TAX.MRCH.WM.FN.ZS,12.69
DZA,Algeria,2017,MFN_WEIGHTED,TM.TAX.MRCH.WM.AR.ZS,9.38
DZA,Algeria,2018,APPLIED_WEIGHTED,TM.TAX.MRCH.WM.FN.ZS,13.57
DZA,Algeria,2018,MFN_WEIGHTED,TM.TAX.MRCH.WM.AR.ZS,9.98
DZA,Algeria,2019,APPLIED_WEIGHTED,TM.TAX.MRCH.WM.FN.ZS,13.59
DZA,Algeria,2019,MFN_WEIGHTED,TM.TAX.MRCH.WM.AR.ZS,9.99
DZA,Algeria,2020,APPLIED_WEIGHTED,TM.TAX.MRCH.WM.FN.ZS,13.75
DZA,Algeria,2020,MFN_WEIGHTED,TM.TAX.MRCH.WM.AR.ZS,10.16
DZA,Algeria,2021,APPLIED_WEIGHTED,TM.TAX.MRCH.WM.FN.ZS,13.75
DZA,Algeria,2021,MFN_WEIGHTED,TM.TAX.MRCH.WM.AR.ZS,10.29
DZA,Algeria,2022,APPLIED_WEIGHTED,TM.TAX.MRCH.WM.FN.ZS,13.06
DZA,Algeria,2022,MFN_WEIGHTED,TM.TAX.MRCH.WM.AR.ZS,9.25
EGY,"Egypt, Arab Rep.",2005,APPLIED_WEIGHTED,TM.TAX.MRCH.WM.FN.ZS,10.01
EGY,"Egypt, Arab Rep.",2005,MFN_WEIGHTED,TM.TAX.MRCH.WM.AR.ZS,8.76
EGY,"Egypt, Arab Rep.",2006,APPLIED_WEIGHTED,TM.TAX.MRCH.WM.FN.ZS,10.05
EGY,"Egypt, Arab Rep.",2006,MFN_WEIGHTED,TM.TAX.MRCH.WM.AR.ZS,10.05
EGY,"Egypt, Arab Rep.",2007,APPLIED_WEIGHTED,TM.TAX.MRCH.WM.FN.ZS,8.92
EGY,"Egypt, Arab Rep.",2007,MFN_WEIGHTED,TM.TAX.MRCH.WM.AR.ZS,8.92
EGY,"Egypt, Arab Rep.",2008,APPLIED_WEIGHTED,TM.TAX.MRCH.WM.FN.ZS,8.85
EGY,"Egypt, Arab Rep.",2008,MFN_WEIGHTED,TM.TAX.MRCH.WM.AR.ZS,8.02
EGY,"Egypt, Arab Rep.",2009,APPLIED_WEIGHTED,TM.TAX.MRCH.WM.FN.ZS,9.0
EGY,"Egypt, Arab Rep.",2009,MFN_WEIGHTED,TM.TAX.MRCH.WM.AR.ZS,8.26
EGY,"Egypt, Arab Rep.",2010,APPLIED_WEIGHTED,TM.TAX.MRCH.WM.FN.ZS,11.76
EGY,"Egypt, Arab Rep.",2010,MFN_WEIGHTED,TM.TAX.MRCH.WM.AR.ZS,9.71
EGY,"Egypt, Arab Rep.",2011,APPLIED_WEIGHTED,TM.TAX.MRCH.WM.FN.ZS,9.69
EGY,"Egypt, Arab Rep.",2011,MFN_WEIGHTED,TM.TAX.MRCH.WM.AR.ZS,7.71
EGY,"Egypt, Arab Rep.",2012,APPLIED_WEIGHTED,TM.TAX.MRCH.WM.FN.ZS,9.82
EGY,"Egypt, Arab Rep.",2012,MFN_WEIGHTED,TM.TAX.MRCH.WM.AR.ZS,7.47
EGY,"Egypt, Arab Rep.",2013,APPLIED_WEIGHTED,TM.TAX.MRCH.WM.FN.ZS,11.1
EGY,"Egypt, Arab Rep.",2013,MFN_WEIGHTED,TM.TAX.MRCH.WM.AR.ZS,8.55
EGY,"Egypt, Arab Rep.",2014,APPLIED_WEIGHTED,TM.TAX.MRCH.WM.FN.ZS,10.61
EGY,"Egypt, Arab Rep.",2014,MFN_WEIGHTED,TM.TAX.MRCH.WM.AR.ZS,7.43
EGY,"Egypt, Arab Rep.",2015,APPLIED_WEIGHTED,TM.TAX.MRCH.WM.FN.ZS,10.51
EGY,"Egypt, Arab Rep.",2015,MFN_WEIGHTED,TM.TAX.MRCH.WM.AR.ZS,7.08
EGY,"Egypt, Arab Rep.",2016,APPLIED_WEIGHTED,TM.TAX.MRCH.WM.FN.ZS,11.47
EGY,"Egypt, Arab Rep.",2016,MFN_WEIGHTED,TM.TAX.MRCH.WM.AR.ZS,6.63
EGY,"Egypt, Arab Rep.",2017,APPLIED_WEIGHTED,TM.TAX.MRCH.WM.FN.ZS,11.92
EGY,"Egypt, Arab Rep.",2017,MFN_WEIGHTED,TM.TAX.MRCH.WM.AR.ZS,7.41
EGY,"Egypt, Arab Rep.",2018,APPLIED_WEIGHTED,TM.TAX.MRCH.WM.FN.ZS,12.96
EGY,"Egypt, Arab Rep.",2018,MFN_WEIGHTED,TM.TAX.MRCH.WM.AR.ZS,8.19
EGY,"Egypt, Arab Rep.",2019,APPLIED_WEIGHTED,TM.TAX.MRCH.WM.FN.ZS,17.88
EGY,"Egypt, Arab Rep.",2019,MFN_WEIGHTED,TM.TAX.MRCH.WM.AR.ZS,10.43
ETH,Ethiopia,2006,APPLIED_WEIGHTED,TM.TAX.MRCH.WM.FN.ZS,12.03
ETH,Ethiopia,2006,MFN_WEIGHTED,TM.TAX.MRCH.WM.AR.ZS,12.03
ETH,Ethiopia,2008,APPLIED_WEIGHTED,TM.TAX.MRCH.WM.FN.ZS,10.09
ETH,Ethiopia,2008,MFN_WEIGHTED,TM.TAX.MRCH.WM.AR.ZS,10.05
ETH,Ethiopia,2009,APPLIED_WEIGHTED,TM.TAX.MRCH.WM.FN.ZS,10.38
ETH,Ethiopia,2009,MFN_WEIGHTED,TM.TAX.MRCH.WM.AR.ZS,10.36
ETH,Ethiopia,2010,APPLIED_WEIGHTED,TM.TAX.MRCH.WM.FN.ZS,10.27
ETH,Ethiopia,2010,MFN_WEIGHTED,TM.TAX.MRCH.WM.AR.ZS,10.24
ETH,Ethiopia,2011,APPLIED_WEIGHTED,TM.TAX.MRCH.WM.FN.ZS,10.51
ETH,Ethiopia,2011,MFN_WEIGHTED,TM.TAX.MRCH.WM.AR.ZS,10.48
ETH,Ethiopia,2012,APPLIED_WEIGHTED,TM.TAX.MRCH.WM.FN.ZS,9.98
ETH,Ethiopia,2012,MFN_WEIGHTED,TM.TAX.MRCH.WM.AR.ZS,9.96
ETH,Ethiopia,2015,APPLIED_WEIGHTED,TM.TAX.MRCH.WM.FN.ZS,12.16
ETH,Ethiopia,2015,MFN_WEIGHTED,TM.TAX.MRCH.WM.AR.ZS,12.14
ETH,Ethiopia,2018,APPLIED_WEIGHTED,TM.TAX.MRCH.WM.FN.ZS,12.16
ETH,Ethiopia,2018,MFN_WEIGHTED,TM.TAX.MRCH.WM.AR.ZS,12.13
ETH,Ethiopia,2021,APPLIED_WEIGHTED,TM.TAX.MRCH.WM.FN.ZS,12.74
ETH,Ethiopia,2021,MFN_WEIGHTED,TM.TAX.MRCH.WM.AR.ZS,12.66
GRC,Greece,2005,APPLIED_WEIGHTED,TM.TAX.MRCH.WM.FN.ZS,3.54
GRC,Greece,2005,MFN_WEIGHTED,TM.TAX.MRCH.WM.AR.ZS,2.46
GRC,Greece,2006,APPLIED_WEIGHTED,TM.TAX.MRCH.WM.FN.ZS,3.33
GRC,Greece,2006,MFN_WEIGHTED,TM.TAX.MRCH.WM.AR.ZS,2.3
GRC,Greece,2007,APPLIED_WEIGHTED,TM.TAX.MRCH.WM.FN.ZS,3.23
GRC,Greece,2007,MFN_WEIGHTED,TM.TAX.MRCH.WM.AR.ZS,2.24
GRC,Greece,2008,APPLIED_WEIGHTED,TM.TAX.MRCH.WM.FN.ZS,2.99
GRC,Greece,2008,MFN_WEIGHTED,TM.TAX.MRCH.WM.AR.ZS,1.72
GRC,Greece,2009,APPLIED_WEIGHTED,TM.TAX.MRCH.WM.FN.ZS,3.23
GRC,Greece,2009,MFN_WEIGHTED,TM.TAX.MRCH.WM.AR.ZS,1.85
GRC,Greece,2010,APPLIED_WEIGHTED,TM.TAX.MRCH.WM.FN.ZS,3.08
GRC,Greece,2010,MFN_WEIGHTED,TM.TAX.MRCH.WM.AR.ZS,2.13
GRC,Greece,2011,APPLIED_WEIGHTED,TM.TAX.MRCH.WM.FN.ZS,3.0
GRC,Greece,2011,MFN_WEIGHTED,TM.TAX.MRCH.WM.AR.ZS,1.59
GRC,Greece,2012,APPLIED_WEIGHTED,TM.TAX.MRCH.WM.FN.ZS,2.84
GRC,Greece,2012,MFN_WEIGHTED,TM.TAX.MRCH.WM.AR.ZS,1.46
GRC,Greece,2013,APPLIED_WEIGHTED,TM.TAX.MRCH.WM.FN.ZS,2.95
GRC,Greece,2013,MFN_WEIGHTED,TM.TAX.MRCH.WM.AR.ZS,1.49
GRC,Greece,2014,APPLIED_WEIGHTED,TM.TAX.MRCH.WM.FN.ZS,3.07
GRC,Greece,2014,MFN_WEIGHTED,TM.TAX.MRCH.WM.AR.ZS,2.03
GRC,Greece,2015,APPLIED_WEIGHTED,TM.TAX.MRCH.WM.FN.ZS,3.09
GRC,Greece,2015,MFN_WEIGHTED,TM.TAX.MRCH.WM.AR.ZS,2.02
GRC,Greece,2016,APPLIED_WEIGHTED,TM.TAX.MRCH.WM.FN.ZS,3.29
GRC,Greece,2016,MFN_WEIGHTED,TM.TAX.MRCH.WM.AR.ZS,2.09
GRC,Greece,2017,APPLIED_WEIGHTED,TM.TAX.MRCH.WM.FN.ZS,3.27
GRC,Greece,2017,MFN_WEIGHTED,TM.TAX.MRCH.WM.AR.ZS,1.96
GRC,Greece,2018,APPLIED_WEIGHTED,TM.TAX.MRCH.WM.FN.ZS,3.11
GRC,Greece,2018,MFN_WEIGHTED,TM.TAX.MRCH.WM.AR.ZS,1.83
GRC,Greece,2019,APPLIED_WEIGHTED,TM.TAX.MRCH.WM.FN.ZS,3.08
GRC,Greece,2019,MFN_WEIGHTED,TM.TAX.MRCH.WM.AR.ZS,1.84
GRC,Greece,2020,APPLIED_WEIGHTED,TM.TAX.MRCH.WM.FN.ZS,2.8
GRC,Greece,2020,MFN_WEIGHTED,TM.TAX.MRCH.WM.AR.ZS,1.48
GRC,Greece,2021,APPLIED_WEIGHTED,TM.TAX.MRCH.WM.FN.ZS,2.85
GRC,Greece,2021,MFN_WEIGHTED,TM.TAX.MRCH.WM.AR.ZS,1.39
GRC,Greece,2022,APPLIED_WEIGHTED,TM.TAX.MRCH.WM.FN.ZS,2.68
GRC,Greece,2022,MFN_WEIGHTED,TM.TAX.MRCH.WM.AR.ZS,1.33
HUN,Hungary,2005,APPLIED_WEIGHTED,TM.TAX.MRCH.WM.FN.ZS,3.54
HUN,Hungary,2005,MFN_WEIGHTED,TM.TAX.MRCH.WM.AR.ZS,2.46
HUN,Hungary,2006,APPLIED_WEIGHTED,TM.TAX.MRCH.WM.FN.ZS,3.33
HUN,Hungary,2006,MFN_WEIGHTED,TM.TAX.MRCH.WM.AR.ZS,2.3
HUN,Hungary,2007,APPLIED_WEIGHTED,TM.TAX.MRCH.WM.FN.ZS,3.23
HUN,Hungary,2007,MFN_WEIGHTED,TM.TAX.MRCH.WM.AR.ZS,2.24
HUN,Hungary,2008,APPLIED_WEIGHTED,TM.TAX.MRCH.WM.FN.ZS,2.99
HUN,Hungary,2008,MFN_WEIGHTED,TM.TAX.MRCH.WM.AR.ZS,1.72
HUN,Hungary,2009,APPLIED_WEIGHTED,TM.TAX.MRCH.WM.FN.ZS,3.23
HUN,Hungary,2009,MFN_WEIGHTED,TM.TAX.MRCH.WM.AR.ZS,1.85
HUN,Hungary,2010,APPLIED_WEIGHTED,TM.TAX.MRCH.WM.FN.ZS,3.08
HUN,Hungary,2010,MFN_WEIGHTED,TM.TAX.MRCH.WM.AR.ZS,2.13
HUN,Hungary,2011,APPLIED_WEIGHTED,TM.TAX.MRCH.WM.FN.ZS,3.0
HUN,Hungary,2011,MFN_WEIGHTED,TM.TAX.MRCH.WM.AR.ZS,1.59
HUN,Hungary,2012,APPLIED_WEIGHTED,TM.TAX.MRCH.WM.FN.ZS,2.84
HUN,Hungary,2012,MFN_WEIGHTED,TM.TAX.MRCH.WM.AR.ZS,1.46
HUN,Hungary,2013,APPLIED_WEIGHTED,TM.TAX.MRCH.WM.FN.ZS,2.95
HUN,Hungary,2013,MFN_WEIGHTED,TM.TAX.MRCH.WM.AR.ZS,1.49
HUN,Hungary,2014,APPLIED_WEIGHTED,TM.TAX.MRCH.WM.FN.ZS,3.07
HUN,Hungary,2014,MFN_WEIGHTED,TM.TAX.MRCH.WM.AR.ZS,2.03
HUN,Hungary,2015,APPLIED_WEIGHTED,TM.TAX.MRCH.WM.FN.ZS,3.09
HUN,Hungary,2015,MFN_WEIGHTED,TM.TAX.MRCH.WM.AR.ZS,2.02
HUN,Hungary,2016,APPLIED_WEIGHTED,TM.TAX.MRCH.WM.FN.ZS,3.29
HUN,Hungary,2016,MFN_WEIGHTED,TM.TAX.MRCH.WM.AR.ZS,2.09
HUN,Hungary,2017,APPLIED_WEIGHTED,TM.TAX.MRCH.WM.FN.ZS,3.27
HUN,Hungary,2017,MFN_WEIGHTED,TM.TAX.MRCH.WM.AR.ZS,1.96
HUN,Hungary,2018,APPLIED_WEIGHTED,TM.TAX.MRCH.WM.FN.ZS,3.11
HUN,Hungary,2018,MFN_WEIGHTED,TM.TAX.MRCH.WM.AR.ZS,1.83
HUN,Hungary,2019,APPLIED_WEIGHTED,TM.TAX.MRCH.WM.FN.ZS,3.08
HUN,Hungary,2019,MFN_WEIGHTED,TM.TAX.MRCH.WM.AR.ZS,1.84
HUN,Hungary,2020,APPLIED_WEIGHTED,TM.TAX.MRCH.WM.FN.ZS,2.8
HUN,Hungary,2020,MFN_WEIGHTED,TM.TAX.MRCH.WM.AR.ZS,1.48
HUN,Hungary,2021,APPLIED_WEIGHTED,TM.TAX.MRCH.WM.FN.ZS,2.85
HUN,Hungary,2021,MFN_WEIGHTED,TM.TAX.MRCH.WM.AR.ZS,1.39
HUN,Hungary,2022,APPLIED_WEIGHTED,TM.TAX.MRCH.WM.FN.ZS,2.68
HUN,Hungary,2022,MFN_WEIGHTED,TM.TAX.MRCH.WM.AR.ZS,1.33
IDN,Indonesia,2005,APPLIED_WEIGHTED,TM.TAX.MRCH.WM.FN.ZS,5.38
IDN,Indonesia,2005,MFN_WEIGHTED,TM.TAX.MRCH.WM.AR.ZS,3.97
IDN,Indonesia,2006,APPLIED_WEIGHTED,TM.TAX.MRCH.WM.FN.ZS,4.85
IDN,Indonesia,2006,MFN_WEIGHTED,TM.TAX.MRCH.WM.AR.ZS,3.53
IDN,Indonesia,2007,APPLIED_WEIGHTED,TM.TAX.MRCH.WM.FN.ZS,3.87
IDN,Indonesia,2007,MFN_WEIGHTED,TM.TAX.MRCH.WM.AR.ZS,2.9
IDN,Indonesia,2008,APPLIED_WEIGHTED,TM.TAX.MRCH.WM.FN.ZS,4.38
IDN,Indonesia,2008,MFN_WEIGHTED,TM.TAX.MRCH.WM.AR.ZS,4.38
IDN,Indonesia,2009,APPLIED_WEIGHTED,TM.TAX.MRCH.WM.FN.ZS,2.55
IDN,Indonesia,2009,MFN_WEIGHTED,TM.TAX.MRCH.WM.AR.ZS,1.71
IDN,Indonesia,2010,APPLIED_WEIGHTED,TM.TAX.MRCH.WM.FN.ZS,4.74
IDN,Indonesia,2010,MFN_WEIGHTED,TM.TAX.MRCH.WM.AR.ZS,2.56
IDN,Indonesia,2011,APPLIED_WEIGHTED,TM.TAX.MRCH.WM.FN.ZS,4.79
IDN,Indonesia,2011,MFN_WEIGHTED,TM.TAX.MRCH.WM.AR.ZS,2.62
IDN,Indonesia,2012,APPLIED_WEIGHTED,TM.TAX.MRCH.WM.FN.ZS,4.83
IDN,Indonesia,2012,MFN_WEIGHTED,TM.TAX.MRCH.WM.AR.ZS,2.54
IDN,Indonesia,2013,APPLIED_WEIGHTED,TM.TAX.MRCH.WM.FN.ZS,4.66
IDN,Indonesia,2013,MFN_WEIGHTED,TM.TAX.MRCH.WM.AR.ZS,2.37
IDN,Indonesia,2016,APPLIED_WEIGHTED,TM.TAX.MRCH.WM.FN.ZS,5.4
IDN,Indonesia,2016,MFN_WEIGHTED,TM.TAX.MRCH.WM.AR.ZS,2.64
IDN,Indonesia,2017,APPLIED_WEIGHTED,TM.TAX.MRCH.WM.FN.ZS,5.67
IDN,Indonesia,2017,MFN_WEIGHTED,TM.TAX.MRCH.WM.AR.ZS,2.06
IDN,Indonesia,2018,APPLIED_WEIGHTED,TM.TAX.MRCH.WM.FN.ZS,5.89
IDN,Indonesia,2018,MFN_WEIGHTED,TM.TAX.MRCH.WM.AR.ZS,2.0
IDN,Indonesia,2019,APPLIED_WEIGHTED,TM.TAX.MRCH.WM.FN.ZS,6.14
IDN,Indonesia,2019,MFN_WEIGHTED,TM.TAX.MRCH.WM.AR.ZS,2.0
IDN,Indonesia,2020,APPLIED_WEIGHTED,TM.TAX.MRCH.WM.FN.ZS,5.88
IDN,Indonesia,2020,MFN_WEIGHTED,TM.TAX.MRCH.WM.AR.ZS,2.04
IDN,Indonesia,2021,APPLIED_WEIGHTED,TM.TAX.MRCH.WM.FN.ZS,5.65
IDN,Indonesia,2021,MFN_WEIGHTED,TM.TAX.MRCH.WM.AR.ZS,1.83
IDN,Indonesia,2022,APPLIED_WEIGHTED,TM.TAX.MRCH.WM.FN.ZS,5.73
IDN,Indonesia,2022,MFN_WEIGHTED,TM.TAX.MRCH.WM.AR.ZS,1.83
IRN,"Iran, Islamic Rep.",2007,APPLIED_WEIGHTED,TM.TAX.MRCH.WM.FN.ZS,17.55
IRN,"Iran, Islamic Rep.",2007,MFN_WEIGHTED,TM.TAX.MRCH.WM.AR.ZS,17.55
IRN,"Iran, Islamic Rep.",2008,APPLIED_WEIGHTED,TM.TAX.MRCH.WM.FN.ZS,14.31
IRN,"Iran, Islamic Rep.",2008,MFN_WEIGHTED,TM.TAX.MRCH.WM.AR.ZS,14.28
IRN,"Iran, Islamic Rep.",2011,APPLIED_WEIGHTED,TM.TAX.MRCH.WM.FN.ZS,15.23
IRN,"Iran, Islamic Rep.",2011,MFN_WEIGHTED,TM.TAX.MRCH.WM.AR.ZS,15.23
IRN,"Iran, Islamic Rep.",2019,APPLIED_WEIGHTED,TM.TAX.MRCH.WM.FN.ZS,15.43
IRN,"Iran, Islamic Rep.",2019,MFN_WEIGHTED,TM.TAX.MRCH.WM.AR.ZS,15.43
IRN,"Iran, Islamic Rep.",2020,APPLIED_WEIGHTED,TM.TAX.MRCH.WM.FN.ZS,12.09
IRN,"Iran, Islamic Rep.",2020,MFN_WEIGHTED,TM.TAX.MRCH.WM.AR.ZS,12.09
ISR,Israel,2005,APPLIED_WEIGHTED,TM.TAX.MRCH.WM.FN.ZS,2.94
ISR,Israel,2005,MFN_WEIGHTED,TM.TAX.MRCH.WM.AR.ZS,1.33
ISR,Israel,2006,APPLIED_WEIGHTED,TM.TAX.MRCH.WM.FN.ZS,3.03
ISR,Israel,2006,MFN_WEIGHTED,TM.TAX.MRCH.WM.AR.ZS,2.42
ISR,Israel,2007,APPLIED_WEIGHTED,TM.TAX.MRCH.WM.FN.ZS,2.86
ISR,Israel,2007,MFN_WEIGHTED,TM.TAX.MRCH.WM.AR.ZS,1.37
ISR,Israel,2008,APPLIED_WEIGHTED,TM.TAX.MRCH.WM.FN.ZS,3.11
ISR,Israel,2008,MFN_WEIGHTED,TM.TAX.MRCH.WM.AR.ZS,1.54
ISR,Israel,2009,APPLIED_WEIGHTED,TM.TAX.MRCH.WM.FN.ZS,3.49
ISR,Israel,2009,MFN_WEIGHTED,TM.TAX.MRCH.WM.AR.ZS,3.49
ISR,Israel,2011,APPLIED_WEIGHTED,TM.TAX.MRCH.WM.FN.ZS,2.94
ISR,Israel,2011,MFN_WEIGHTED,TM.TAX.MRCH.WM.AR.ZS,2.94
ISR,Israel,2012,APPLIED_WEIGHTED,TM.TAX.MRCH.WM.FN.ZS,2.9
ISR,Israel,2012,MFN_WEIGHTED,TM.TAX.MRCH.WM.AR.ZS,1.35
ISR,Israel,2013,APPLIED_WEIGHTED,TM.TAX.MRCH.WM.FN.ZS,2.77
ISR,Israel,2013,MFN_WEIGHTED,TM.TAX.MRCH.WM.AR.ZS,1.42
ISR,Israel,2014,APPLIED_WEIGHTED,TM.TAX.MRCH.WM.FN.ZS,2.85
ISR,Israel,2014,MFN_WEIGHTED,TM.TAX.MRCH.WM.AR.ZS,1.46
ISR,Israel,2015,APPLIED_WEIGHTED,TM.TAX.MRCH.WM.FN.ZS,3.31
ISR,Israel,2015,MFN_WEIGHTED,TM.TAX.MRCH.WM.AR.ZS,2.83
ISR,Israel,2016,APPLIED_WEIGHTED,TM.TAX.MRCH.WM.FN.ZS,3.38
ISR,Israel,2016,MFN_WEIGHTED,TM.TAX.MRCH.WM.AR.ZS,2.81
ISR,Israel,2017,APPLIED_WEIGHTED,TM.TAX.MRCH.WM.FN.ZS,3.49
ISR,Israel,2017,MFN_WEIGHTED,TM.TAX.MRCH.WM.AR.ZS,1.85
ISR,Israel,2021,APPLIED_WEIGHTED,TM.TAX.MRCH.WM.FN.ZS,2.9
ISR,Israel,2021,MFN_WEIGHTED,TM.TAX.MRCH.WM.AR.ZS,2.88
ISR,Israel,2022,APPLIED_WEIGHTED,TM.TAX.MRCH.WM.FN.ZS,2.79
ISR,Israel,2022,MFN_WEIGHTED,TM.TAX.MRCH.WM.AR.ZS,2.62
JPN,Japan,2005,APPLIED_WEIGHTED,TM.TAX.MRCH.WM.FN.ZS,3.87
JPN,Japan,2005,MFN_WEIGHTED,TM.TAX.MRCH.WM.AR.ZS,3.58
JPN,Japan,2006,APPLIED_WEIGHTED,TM.TAX.MRCH.WM.FN.ZS,3.07
JPN,Japan,2006,MFN_WEIGHTED,TM.TAX.MRCH.WM.AR.ZS,2.82
JPN,Japan,2007,APPLIED_WEIGHTED,TM.TAX.MRCH.WM.FN.ZS,3.0
JPN,Japan,2007,MFN_WEIGHTED,TM.TAX.MRCH.WM.AR.ZS,2.74
JPN,Japan,2008,APPLIED_WEIGHTED,TM.TAX.MRCH.WM.FN.ZS,2.76
JPN,Japan,2008,MFN_WEIGHTED,TM.TAX.MRCH.WM.AR.ZS,2.49
JPN,Japan,2009,APPLIED_WEIGHTED,TM.TAX.MRCH.WM.FN.ZS,3.27
JPN,Japan,2009,MFN_WEIGHTED,TM.TAX.MRCH.WM.AR.ZS,2.91
JPN,Japan,2010,APPLIED_WEIGHTED,TM.TAX.MRCH.WM.FN.ZS,2.56
JPN,Japan,2010,MFN_WEIGHTED,TM.TAX.MRCH.WM.AR.ZS,2.2
JPN,Japan,2011,APPLIED_WEIGHTED,TM.TAX.MRCH.WM.FN.ZS,2.68
JPN,Japan,2011,MFN_WEIGHTED,TM.TAX.MRCH.WM.AR.ZS,2.37
JPN,Japan,2012,APPLIED_WEIGHTED,TM.TAX.MRCH.WM.FN.ZS,2.64
JPN,Japan,2012,MFN_WEIGHTED,TM.TAX.MRCH.WM.AR.ZS,2.27
JPN,Japan,2013,APPLIED_WEIGHTED,TM.TAX.MRCH.WM.FN.ZS,1.5
JPN,Japan,2013,MFN_WEIGHTED,TM.TAX.MRCH.WM.AR.ZS,1.18
JPN,Japan,2014,APPLIED_WEIGHTED,TM.TAX.MRCH.WM.FN.ZS,2.7
JPN,Japan,2014,MFN_WEIGHTED,TM.TAX.MRCH.WM.AR.ZS,2.29
JPN,Japan,2015,APPLIED_WEIGHTED,TM.TAX.MRCH.WM.FN.ZS,2.83
JPN,Japan,2015,MFN_WEIGHTED,TM.TAX.MRCH.WM.AR.ZS,2.3
JPN,Japan,2016,APPLIED_WEIGHTED,TM.TAX.MRCH.WM.FN.ZS,3.12
JPN,Japan,2016,MFN_WEIGHTED,TM.TAX.MRCH.WM.AR.ZS,2.55
JPN,Japan,2017,APPLIED_WEIGHTED,TM.TAX.MRCH.WM.FN.ZS,3.06
JPN,Japan,2017,MFN_WEIGHTED,TM.TAX.MRCH.WM.AR.ZS,2.51
JPN,Japan,2018,APPLIED_WEIGHTED,TM.TAX.MRCH.WM.FN.ZS,3.03
JPN,Japan,2018,MFN_WEIGHTED,TM.TAX.MRCH.WM.AR.ZS,2.45
JPN,Japan,2019,APPLIED_WEIGHTED,TM.TAX.MRCH.WM.FN.ZS,11.32
JPN,Japan,2019,MFN_WEIGHTED,TM.TAX.MRCH.WM.AR.ZS,3.53
JPN,Japan,2020,APPLIED_WEIGHTED,TM.TAX.MRCH.WM.FN.ZS,3.23
JPN,Japan,2020,MFN_WEIGHTED,TM.TAX.MRCH.WM.AR.ZS,2.22
JPN,Japan,2021,APPLIED_WEIGHTED,TM.TAX.MRCH.WM.FN.ZS,2.69
JPN,Japan,2021,MFN_WEIGHTED,TM.TAX.MRCH.WM.AR.ZS,1.84
JPN,Japan,2022,APPLIED_WEIGHTED,TM.TAX.MRCH.WM.FN.ZS,2.42
JPN,Japan,2022,MFN_WEIGHTED,TM.TAX.MRCH.WM.AR.ZS,1.64
KAZ,Kazakhstan,2008,APPLIED_WEIGHTED,TM.TAX.MRCH.WM.FN.ZS,4.75
KAZ,Kazakhstan,2008,MFN_WEIGHTED,TM.TAX.MRCH.WM.AR.ZS,2.22
KAZ,Kazakhstan,2010,APPLIED_WEIGHTED,TM.TAX.MRCH.WM.FN.ZS,7.17
KAZ,Kazakhstan,2010,MFN_WEIGHTED,TM.TAX.MRCH.WM.AR.ZS,4.4
KAZ,Kazakhstan,2011,APPLIED_WEIGHTED,TM.TAX.MRCH.WM.FN.ZS,7.61
KAZ,Kazakhstan,2011,MFN_WEIGHTED,TM.TAX.MRCH.WM.AR.ZS,3.2
KAZ,Kazakhstan,2012,APPLIED_WEIGHTED,TM.TAX.MRCH.WM.FN.ZS,7.88
KAZ,Kazakhstan,2012,MFN_WEIGHTED,TM.TAX.MRCH.WM.AR.ZS,3.68
KAZ,Kazakhstan,2013,APPLIED_WEIGHTED,TM.TAX.MRCH.WM.FN.ZS,7.3
KAZ,Kazakhstan,2013,MFN_WEIGHTED,TM.TAX.MRCH.WM.AR.ZS,3.75
KAZ,Kazakhstan,2014,APPLIED_WEIGHTED,TM.TAX.MRCH.WM.FN.ZS,6.58
KAZ,Kazakhstan,2014,MFN_WEIGHTED,TM.TAX.MRCH.WM.AR.ZS,3.46
KAZ,Kazakhstan,2015,APPLIED_WEIGHTED,TM.TAX.MRCH.WM.FN.ZS,5.62
KAZ,Kazakhstan,2015,MFN_WEIGHTED,TM.TAX.MRCH.WM.AR.ZS,4.85
KAZ,Kazakhstan,2016,APPLIED_WEIGHTED,TM.TAX.MRCH.WM.FN.ZS,5.39
KAZ,Kazakhstan,2016,MFN_WEIGHTED,TM.TAX.MRCH.WM.AR.ZS,2.55
KAZ,Kazakhstan,2017,APPLIED_WEIGHTED,TM.TAX.MRCH.WM.FN.ZS,5.15
KAZ,Kazakhstan,2017,MFN_WEIGHTED,TM.TAX.MRCH.WM.AR.ZS,2.39
KAZ,Kazakhstan,2018,APPLIED_WEIGHTED,TM.TAX.MRCH.WM.FN.ZS,5.01
KAZ,Kazakhstan,2018,MFN_WEIGHTED,TM.TAX.MRCH.WM.AR.ZS,2.37
KAZ,Kazakhstan,2019,APPLIED_WEIGHTED,TM.TAX.MRCH.WM.FN.ZS,6.87
KAZ,Kazakhstan,2019,MFN_WEIGHTED,TM.TAX.MRCH.WM.AR.ZS,2.32
KAZ,Kazakhstan,2020,APPLIED_WEIGHTED,TM.TAX.MRCH.WM.FN.ZS,4.32
KAZ,Kazakhstan,2020,MFN_WEIGHTED,TM.TAX.MRCH.WM.AR.ZS,1.96
KAZ,Kazakhstan,2021,APPLIED_WEIGHTED,TM.TAX.MRCH.WM.FN.ZS,4.89
KAZ,Kazakhstan,2021,MFN_WEIGHTED,TM.TAX.MRCH.WM.AR.ZS,2.17
KAZ,Kazakhstan,2022,APPLIED_WEIGHTED,TM.TAX.MRCH.WM.FN.ZS,5.73
KAZ,Kazakhstan,2022,MFN_WEIGHTED,TM.TAX.MRCH.WM.AR.ZS,2.9
KEN,Kenya,2005,APPLIED_WEIGHTED,TM.TAX.MRCH.WM.FN.ZS,7.55
KEN,Kenya,2005,MFN_WEIGHTED,TM.TAX.MRCH.WM.AR.ZS,6.58
KEN,Kenya,2006,APPLIED_WEIGHTED,TM.TAX.MRCH.WM.FN.ZS,7.02
KEN,Kenya,2006,MFN_WEIGHTED,TM.TAX.MRCH.WM.AR.ZS,6.32
KEN,Kenya,2007,APPLIED_WEIGHTED,TM.TAX.MRCH.WM.FN.ZS,8.15
KEN,Kenya,2007,MFN_WEIGHTED,TM.TAX.MRCH.WM.AR.ZS,6.79
KEN,Kenya,2008,APPLIED_WEIGHTED,TM.TAX.MRCH.WM.FN.ZS,8.19
KEN,Kenya,2008,MFN_WEIGHTED,TM.TAX.MRCH.WM.AR.ZS,7.35
KEN,Kenya,2009,APPLIED_WEIGHTED,TM.TAX.MRCH.WM.FN.ZS,10.23
KEN,Kenya,2009,MFN_WEIGHTED,TM.TAX.MRCH.WM.AR.ZS,9.52
KEN,Kenya,2010,APPLIED_WEIGHTED,TM.TAX.MRCH.WM.FN.ZS,8.71
KEN,Kenya,2010,MFN_WEIGHTED,TM.TAX.MRCH.WM.AR.ZS,7.32
KEN,Kenya,2011,APPLIED_WEIGHTED,TM.TAX.MRCH.WM.FN.ZS,7.95
KEN,Kenya,2011,MFN_WEIGHTED,TM.TAX.MRCH.WM.AR.ZS,6.6
KEN,Kenya,2012,APPLIED_WEIGHTED,TM.TAX.MRCH.WM.FN.ZS,13.08
KEN,Kenya,2012,MFN_WEIGHTED,TM.TAX.MRCH.WM.AR.ZS,12.38
KEN,Kenya,2013,APPLIED_WEIGHTED,TM.TAX.MRCH.WM.FN.ZS,10.62
KEN,Kenya,2013,MFN_WEIGHTED,TM.TAX.MRCH.WM.AR.ZS,9.64
KEN,Kenya,2014,APPLIED_WEIGHTED,TM.TAX.MRCH.WM.FN.ZS,11.53
KEN,Kenya,2014,MFN_WEIGHTED,TM.TAX.MRCH.WM.AR.ZS,10.55
KEN,Kenya,2015,APPLIED_WEIGHTED,TM.TAX.MRCH.WM.FN.ZS,13.15
KEN,Kenya,2015,MFN_WEIGHTED,TM.TAX.MRCH.WM.AR.ZS,11.47
KEN,Kenya,2016,APPLIED_WEIGHTED,TM.TAX.MRCH.WM.FN.ZS,13.35
KEN,Kenya,2016,MFN_WEIGHTED,TM.TAX.MRCH.WM.AR.ZS,12.25
KEN,Kenya,2018,APPLIED_WEIGHTED,TM.TAX.MRCH.WM.FN.ZS,12.66
KEN,Kenya,2018,MFN_WEIGHTED,TM.TAX.MRCH.WM.AR.ZS,10.07
KEN,Kenya,2019,APPLIED_WEIGHTED,TM.TAX.MRCH.WM.FN.ZS,13.35
KEN,Kenya,2019,MFN_WEIGHTED,TM.TAX.MRCH.WM.AR.ZS,11.48
KEN,Kenya,2020,APPLIED_WEIGHTED,TM.TAX.MRCH.WM.FN.ZS,12.02
KEN,Kenya,2020,MFN_WEIGHTED,TM.TAX.MRCH.WM.AR.ZS,9.32
KEN,Kenya,2021,APPLIED_WEIGHTED,TM.TAX.MRCH.WM.FN.ZS,12.18
KEN,Kenya,2021,MFN_WEIGHTED,TM.TAX.MRCH.WM.AR.ZS,9.3
KEN,Kenya,2022,APPLIED_WEIGHTED,TM.TAX.MRCH.WM.FN.ZS,13.37
KEN,Kenya,2022,MFN_WEIGHTED,TM.TAX.MRCH.WM.AR.ZS,11.7
KGZ,Kyrgyz Republic,2006,APPLIED_WEIGHTED,TM.TAX.MRCH.WM.FN.ZS,3.91
KGZ,Kyrgyz Republic,2006,MFN_WEIGHTED,TM.TAX.MRCH.WM.AR.ZS,1.18
KGZ,Kyrgyz Republic,2007,APPLIED_WEIGHTED,TM.TAX.MRCH.WM.FN.ZS,3.87
KGZ,Kyrgyz Republic,2007,MFN_WEIGHTED,TM.TAX.MRCH.WM.AR.ZS,1.06
KGZ,Kyrgyz Republic,2008,APPLIED_WEIGHTED,TM.TAX.MRCH.WM.FN.ZS,4.32
KGZ,Kyrgyz Republic,2008,MFN_WEIGHTED,TM.TAX.MRCH.WM.AR.ZS,2.32
KGZ,Kyrgyz Republic,2009,APPLIED_WEIGHTED,TM.TAX.MRCH.WM.FN.ZS,4.52
KGZ,Kyrgyz Republic,2009,MFN_WEIGHTED,TM.TAX.MRCH.WM.AR.ZS,2.38
KGZ,Kyrgyz Republic,2010,APPLIED_WEIGHTED,TM.TAX.MRCH.WM.FN.ZS,4.35
KGZ,Kyrgyz Republic,2010,MFN_WEIGHTED,TM.TAX.MRCH.WM.AR.ZS,2.29
KGZ,Kyrgyz Republic,2011,APPLIED_WEIGHTED,TM.TAX.MRCH.WM.FN.ZS,4.0
KGZ,Kyrgyz Republic,2011,MFN_WEIGHTED,TM.TAX.MRCH.WM.AR.ZS,2.38
KGZ,Kyrgyz Republic,2012,APPLIED_WEIGHTED,TM.TAX.MRCH.WM.FN.ZS,4.14
KGZ,Kyrgyz Republic,2012,MFN_WEIGHTED,TM.TAX.MRCH.WM.AR.ZS,2.46
KGZ,Kyrgyz Republic,2013,APPLIED_WEIGHTED,TM.TAX.MRCH.WM.FN.ZS,4.14
KGZ,Kyrgyz Republic,2013,MFN_WEIGHTED,TM.TAX.MRCH.WM.AR.ZS,2.46
KGZ,Kyrgyz Republic,2014,APPLIED_WEIGHTED,TM.TAX.MRCH.WM.FN.ZS,3.91
KGZ,Kyrgyz Republic,2014,MFN_WEIGHTED,TM.TAX.MRCH.WM.AR.ZS,2.34
KGZ,Kyrgyz Republic,2015,APPLIED_WEIGHTED,TM.TAX.MRCH.WM.FN.ZS,6.6
KGZ,Kyrgyz Republic,2015,MFN_WEIGHTED,TM.TAX.MRCH.WM.AR.ZS,3.2
KGZ,Kyrgyz Republic,2016,APPLIED_WEIGHTED,TM.TAX.MRCH.WM.FN.ZS,5.83
KGZ,Kyrgyz Republic,2016,MFN_WEIGHTED,TM.TAX.MRCH.WM.AR.ZS,3.16
KGZ,Kyrgyz Republic,2017,APPLIED_WEIGHTED,TM.TAX.MRCH.WM.FN.ZS,5.71
KGZ,Kyrgyz Republic,2017,MFN_WEIGHTED,TM.TAX.MRCH.WM.AR.ZS,2.93
KGZ,Kyrgyz Republic,2018,APPLIED_WEIGHTED,TM.TAX.MRCH.WM.FN.ZS,5.09
KGZ,Kyrgyz Republic,2018,MFN_WEIGHTED,TM.TAX.MRCH.WM.AR.ZS,2.92
KGZ,Kyrgyz Republic,2019,APPLIED_WEIGHTED,TM.TAX.MRCH.WM.FN.ZS,17.5
KGZ,Kyrgyz Republic,2019,MFN_WEIGHTED,TM.TAX.MRCH.WM.AR.ZS,3.09
KGZ,Kyrgyz Republic,2020,APPLIED_WEIGHTED,TM.TAX.MRCH.WM.FN.ZS,5.84
KGZ,Kyrgyz Republic,2020,MFN_WEIGHTED,TM.TAX.MRCH.WM.AR.ZS,2.33
KGZ,Kyrgyz Republic,2021,APPLIED_WEIGHTED,TM.TAX.MRCH.WM.FN.ZS,7.09
KGZ,Kyrgyz Republic,2021,MFN_WEIGHTED,TM.TAX.MRCH.WM.AR.ZS,3.01
KHM,Cambodia,2005,APPLIED_WEIGHTED,TM.TAX.MRCH.WM.FN.ZS,11.08
KHM,Cambodia,2005,MFN_WEIGHTED,TM.TAX.MRCH.WM.AR.ZS,10.81
KHM,Cambodia,2006,APPLIED_WEIGHTED,TM.TAX.MRCH.WM.FN.ZS,10.86
KHM,Cambodia,2006,MFN_WEIGHTED,TM.TAX.MRCH.WM.AR.ZS,10.46
KHM,Cambodia,2007,APPLIED_WEIGHTED,TM.TAX.MRCH.WM.FN.ZS,11.68
KHM,Cambodia,2007,MFN_WEIGHTED,TM.TAX.MRCH.WM.AR.ZS,10.53
KHM,Cambodia,2008,APPLIED_WEIGHTED,TM.TAX.MRCH.WM.FN.ZS,11.42
KHM,Cambodia,2008,MFN_WEIGHTED,TM.TAX.MRCH.WM.AR.ZS,9.91
KHM,Cambodia,2010,APPLIED_WEIGHTED,TM.TAX.MRCH.WM.FN.ZS,9.5
KHM,Cambodia,2010,MFN_WEIGHTED,TM.TAX.MRCH.WM.AR.ZS,9.5
KHM,Cambodia,2011,APPLIED_WEIGHTED,TM.TAX.MRCH.WM.FN.ZS,8.94
KHM,Cambodia,2011,MFN_WEIGHTED,TM.TAX.MRCH.WM.AR.ZS,8.94
KHM,Cambodia,2012,APPLIED_WEIGHTED,TM.TAX.MRCH.WM.FN.ZS,9.08
KHM,Cambodia,2012,MFN_WEIGHTED,TM.TAX.MRCH.WM.AR.ZS,9.08
KHM,Cambodia,2014,APPLIED_WEIGHTED,TM.TAX.MRCH.WM.FN.ZS,8.34
KHM,Cambodia,2014,MFN_WEIGHTED,TM.TAX.MRCH.WM.AR.ZS,4.85
KHM,Cambodia,2016,APPLIED_WEIGHTED,TM.TAX.MRCH.WM.FN.ZS,9.77
KHM,Cambodia,2016,MFN_WEIGHTED,TM.TAX.MRCH.WM.AR.ZS,9.77
KHM,Cambodia,2020,APPLIED_WEIGHTED,TM.TAX.MRCH.WM.FN.ZS,9.62
KHM,Cambodia,2020,MFN_WEIGHTED,TM.TAX.MRCH.WM.AR.ZS,6.21
KHM,Cambodia,2021,APPLIED_WEIGHTED,TM.TAX.MRCH.WM.FN.ZS,8.66
KHM,Cambodia,2021,MFN_WEIGHTED,TM.TAX.MRCH.WM.AR.ZS,5.37
KHM,Cambodia,2022,APPLIED_WEIGHTED,TM.TAX.MRCH.WM.FN.ZS,7.2
KHM,Cambodia,2022,MFN_WEIGHTED,TM.TAX.MRCH.WM.AR.ZS,7.2
KOR,"Korea, Rep.",2005,APPLIED_WEIGHTED,TM.TAX.MRCH.WM.FN.ZS,7.97
KOR,"Korea, Rep.",2005,MFN_WEIGHTED,TM.TAX.MRCH.WM.AR.ZS,7.95
KOR,"Korea, Rep.",2006,APPLIED_WEIGHTED,TM.TAX.MRCH.WM.FN.ZS,7.46
KOR,"Korea, Rep.",2006,MFN_WEIGHTED,TM.TAX.MRCH.WM.AR.ZS,7.43
KOR,"Korea, Rep.",2007,APPLIED_WEIGHTED,TM.TAX.MRCH.WM.FN.ZS,7.41
KOR,"Korea, Rep.",2007,MFN_WEIGHTED,TM.TAX.MRCH.WM.AR.ZS,7.13
KOR,"Korea, Rep.",2008,APPLIED_WEIGHTED,TM.TAX.MRCH.WM.FN.ZS,8.37
KOR,"Korea, Rep.",2008,MFN_WEIGHTED,TM.TAX.MRCH.WM.AR.ZS,8.26
KOR,"Korea, Rep.",2009,APPLIED_WEIGHTED,TM.TAX.MRCH.WM.FN.ZS,7.89
KOR,"Korea, Rep.",2009,MFN_WEIGHTED,TM.TAX.MRCH.WM.AR.ZS,7.8
KOR,"Korea, Rep.",2010,APPLIED_WEIGHTED,TM.TAX.MRCH.WM.FN.ZS,7.31
KOR,"Korea, Rep.",2010,MFN_WEIGHTED,TM.TAX.MRCH.WM.AR.ZS,7.19
KOR,"Korea, Rep.",2011,APPLIED_WEIGHTED,TM.TAX.MRCH.WM.FN.ZS,7.45
KOR,"Korea, Rep.",2011,MFN_WEIGHTED,TM.TAX.MRCH.WM.AR.ZS,7.32
KOR,"Korea, Rep.",2012,APPLIED_WEIGHTED,TM.TAX.MRCH.WM.FN.ZS,7.72
KOR,"Korea, Rep.",2012,MFN_WEIGHTED,TM.TAX.MRCH.WM.AR.ZS,7.59
KOR,"Korea, Rep.",2013,APPLIED_WEIGHTED,TM.TAX.MRCH.WM.FN.ZS,7.99
KOR,"Korea, Rep.",2013,MFN_WEIGHTED,TM.TAX.MRCH.WM.AR.ZS,7.85
KOR,"Korea, Rep.",2014,APPLIED_WEIGHTED,TM.TAX.MRCH.WM.FN.ZS,7.99
KOR,"Korea, Rep.",2014,MFN_WEIGHTED,TM.TAX.MRCH.WM.AR.ZS,6.1
KOR,"Korea, Rep.",2015,APPLIED_WEIGHTED,TM.TAX.MRCH.WM.FN.ZS,8.42
KOR,"Korea, Rep.",2015,MFN_WEIGHTED,TM.TAX.MRCH.WM.AR.ZS,5.72
KOR,"Korea, Rep.",2016,APPLIED_WEIGHTED,TM.TAX.MRCH.WM.FN.ZS,8.83
KOR,"Korea, Rep.",2016,MFN_WEIGHTED,TM.TAX.MRCH.WM.AR.ZS,8.67
KOR,"Korea, Rep.",2017,APPLIED_WEIGHTED,TM.TAX.MRCH.WM.FN.ZS,9.07
KOR,"Korea, Rep.",2017,MFN_WEIGHTED,TM.TAX.MRCH.WM.AR.ZS,5.05
KOR,"Korea, Rep.",2018,APPLIED_WEIGHTED,TM.TAX.MRCH.WM.FN.ZS,9.07
KOR,"Korea, Rep.",2018,MFN_WEIGHTED,TM.TAX.MRCH.WM.AR.ZS,4.83
KOR,"Korea, Rep.",2020,APPLIED_WEIGHTED,TM.TAX.MRCH.WM.FN.ZS,10.42
KOR,"Korea, Rep.",2020,MFN_WEIGHTED,TM.TAX.MRCH.WM.AR.ZS,5.48
KOR,"Korea, Rep.",2021,APPLIED_WEIGHTED,TM.TAX.MRCH.WM.FN.ZS,8.9
KOR,"Korea, Rep.",2021,MFN_WEIGHTED,TM.TAX.MRCH.WM.AR.ZS,4.85
KOR,"Korea, Rep.",2022,APPLIED_WEIGHTED,TM.TAX.MRCH.WM.FN.ZS,8.67
KOR,"Korea, Rep.",2022,MFN_WEIGHTED,TM.TAX.MRCH.WM.AR.ZS,5.66
KWT,Kuwait,2005,APPLIED_WEIGHTED,TM.TAX.MRCH.WM.FN.ZS,4.71
KWT,Kuwait,2005,MFN_WEIGHTED,TM.TAX.MRCH.WM.AR.ZS,3.91
KWT,Kuwait,2006,APPLIED_WEIGHTED,TM.TAX.MRCH.WM.FN.ZS,4.54
KWT,Kuwait,2006,MFN_WEIGHTED,TM.TAX.MRCH.WM.AR.ZS,3.74
KWT,Kuwait,2007,APPLIED_WEIGHTED,TM.TAX.MRCH.WM.FN.ZS,4.11
KWT,Kuwait,2007,MFN_WEIGHTED,TM.TAX.MRCH.WM.AR.ZS,3.53
KWT,Kuwait,2008,APPLIED_WEIGHTED,TM.TAX.MRCH.WM.FN.ZS,4.32
KWT,Kuwait,2008,MFN_WEIGHTED,TM.TAX.MRCH.WM.AR.ZS,3.98
KWT,Kuwait,2009,APPLIED_WEIGHTED,TM.TAX.MRCH.WM.FN.ZS,3.9
KWT,Kuwait,2009,MFN_WEIGHTED,TM.TAX.MRCH.WM.AR.ZS,2.87
KWT,Kuwait,2010,APPLIED_WEIGHTED,TM.TAX.MRCH.WM.FN.ZS,3.94
KWT,Kuwait,2010,MFN_WEIGHTED,TM.TAX.MRCH.WM.AR.ZS,3.94
KWT,Kuwait,2011,APPLIED_WEIGHTED,TM.TAX.MRCH.WM.FN.ZS,3.94
KWT,Kuwait,2011,MFN_WEIGHTED,TM.TAX.MRCH.WM.AR.ZS,3.94
KWT,Kuwait,2012,APPLIED_WEIGHTED,TM.TAX.MRCH.WM.FN.ZS,4.26
KWT,Kuwait,2012,MFN_WEIGHTED,TM.TAX.MRCH.WM.AR.ZS,4.15
KWT,Kuwait,2013,APPLIED_WEIGHTED,TM.TAX.MRCH.WM.FN.ZS,4.07
KWT,Kuwait,2013,MFN_WEIGHTED,TM.TAX.MRCH.WM.AR.ZS,3.93
KWT,Kuwait,2014,APPLIED_WEIGHTED,TM.TAX.MRCH.WM.FN.ZS,3.87
KWT,Kuwait,2014,MFN_WEIGHTED,TM.TAX.MRCH.WM.AR.ZS,3.14
KWT,Kuwait,2015,APPLIED_WEIGHTED,TM.TAX.MRCH.WM.FN.ZS,3.78
KWT,Kuwait,2015,MFN_WEIGHTED,TM.TAX.MRCH.WM.AR.ZS,2.96
KWT,Kuwait,2016,APPLIED_WEIGHTED,TM.TAX.MRCH.WM.FN.ZS,3.78
KWT,Kuwait,2016,MFN_WEIGHTED,TM.TAX.MRCH.WM.AR.ZS,2.96
KWT,Kuwait,2017,APPLIED_WEIGHTED,TM.TAX.MRCH.WM.FN.ZS,5.16
KWT,Kuwait,2017,MFN_WEIGHTED,TM.TAX.MRCH.WM.AR.ZS,4.34
KWT,Kuwait,2018,APPLIED_WEIGHTED,TM.TAX.MRCH.WM.FN.ZS,5.65
KWT,Kuwait,2018,MFN_WEIGHTED,TM.TAX.MRCH.WM.AR.ZS,4.77
KWT,Kuwait,2019,APPLIED_WEIGHTED,TM.TAX.MRCH.WM.FN.ZS,5.39
KWT,Kuwait,2019,MFN_WEIGHTED,TM.TAX.MRCH.WM.AR.ZS,4.51
KWT,Kuwait,2020,APPLIED_WEIGHTED,TM.TAX.MRCH.WM.FN.ZS,3.91
KWT,Kuwait,2020,MFN_WEIGHTED,TM.TAX.MRCH.WM.AR.ZS,3.01
KWT,Kuwait,2021,APPLIED_WEIGHTED,TM.TAX.MRCH.WM.FN.ZS,3.75
KWT,Kuwait,2021,MFN_WEIGHTED,TM.TAX.MRCH.WM.AR.ZS,2.85
KWT,Kuwait,2022,APPLIED_WEIGHTED,TM.TAX.MRCH.WM.FN.ZS,4.01
KWT,Kuwait,2022,MFN_WEIGHTED,TM.TAX.MRCH.WM.AR.ZS,4.01
LAO,Lao PDR,2005,APPLIED_WEIGHTED,TM.TAX.MRCH.WM.FN.ZS,13.67
LAO,Lao PDR,2005,MFN_WEIGHTED,TM.TAX.MRCH.WM.AR.ZS,9.95
LAO,Lao PDR,2006,APPLIED_WEIGHTED,TM.TAX.MRCH.WM.FN.ZS,13.93
LAO,Lao PDR,2006,MFN_WEIGHTED,TM.TAX.MRCH.WM.AR.ZS,9.22
LAO,Lao PDR,2007,APPLIED_WEIGHTED,TM.TAX.MRCH.WM.FN.ZS,13.91
LAO,Lao PDR,2007,MFN_WEIGHTED,TM.TAX.MRCH.WM.AR.ZS,8.09
LAO,Lao PDR,2008,APPLIED_WEIGHTED,TM.TAX.MRCH.WM.FN.ZS,13.15
LAO,Lao PDR,2008,MFN_WEIGHTED,TM.TAX.MRCH.WM.AR.ZS,13.15
LAO,Lao PDR,2014,APPLIED_WEIGHTED,TM.TAX.MRCH.WM.FN.ZS,9.4
LAO,Lao PDR,2014,MFN_WEIGHTED,TM.TAX.MRCH.WM.AR.ZS,3.38
LAO,Lao PDR,2015,APPLIED_WEIGHTED,TM.TAX.MRCH.WM.FN.ZS,9.59
LAO,Lao PDR,2015,MFN_WEIGHTED,TM.TAX.MRCH.WM.AR.ZS,2.35
LAO,Lao PDR,2016,APPLIED_WEIGHTED,TM.TAX.MRCH.WM.FN.ZS,8.1
LAO,Lao PDR,2016,MFN_WEIGHTED,TM.TAX.MRCH.WM.AR.ZS,1.65
LAO,Lao PDR,2017,APPLIED_WEIGHTED,TM.TAX.MRCH.WM.FN.ZS,8.27
LAO,Lao PDR,2017,MFN_WEIGHTED,TM.TAX.MRCH.WM.AR.ZS,1.48
LAO,Lao PDR,2018,APPLIED_WEIGHTED,TM.TAX.MRCH.WM.FN.ZS,8.26
LAO,Lao PDR,2018,MFN_WEIGHTED,TM.TAX.MRCH.WM.AR.ZS,0.73
LAO,Lao PDR,2019,APPLIED_WEIGHTED,TM.TAX.MRCH.WM.FN.ZS,8.69
LAO,Lao PDR,2019,MFN_WEIGHTED,TM.TAX.MRCH.WM.AR.ZS,0.76
LAO,Lao PDR,2020,APPLIED_WEIGHTED,TM.TAX.MRCH.WM.FN.ZS,8.69
LAO,Lao PDR,2020,MFN_WEIGHTED,TM.TAX.MRCH.WM.AR.ZS,0.97
LAO,Lao PDR,2021,APPLIED_WEIGHTED,TM.TAX.MRCH.WM.FN.ZS,8.74
LAO,Lao PDR,2021,MFN_WEIGHTED,TM.TAX.MRCH.WM.AR.ZS,1.12
LAO,Lao PDR,2022,APPLIED_WEIGHTED,TM.TAX.MRCH.WM.FN.ZS,8.45
LAO,Lao PDR,2022,MFN_WEIGHTED,TM.TAX.MRCH.WM.AR.ZS,1.41
LKA,Sri Lanka,2005,APPLIED_WEIGHTED,TM.TAX.MRCH.WM.FN.ZS,7.89
LKA,Sri Lanka,2005,MFN_WEIGHTED,TM.TAX.MRCH.WM.AR.ZS,7.56
LKA,Sri Lanka,2006,APPLIED_WEIGHTED,TM.TAX.MRCH.WM.FN.ZS,7.55
LKA,Sri Lanka,2006,MFN_WEIGHTED,TM.TAX.MRCH.WM.AR.ZS,7.23
LKA,Sri Lanka,2007,APPLIED_WEIGHTED,TM.TAX.MRCH.WM.FN.ZS,7.65
LKA,Sri Lanka,2007,MFN_WEIGHTED,TM.TAX.MRCH.WM.AR.ZS,7.19
LKA,Sri Lanka,2008,APPLIED_WEIGHTED,TM.TAX.MRCH.WM.FN.ZS,7.59
LKA,Sri Lanka,2008,MFN_WEIGHTED,TM.TAX.MRCH.WM.AR.ZS,7.12
LKA,Sri Lanka,2009,APPLIED_WEIGHTED,TM.TAX.MRCH.WM.FN.ZS,7.9
LKA,Sri Lanka,2009,MFN_WEIGHTED,TM.TAX.MRCH.WM.AR.ZS,7.21
LKA,Sri Lanka,2010,APPLIED_WEIGHTED,TM.TAX.MRCH.WM.FN.ZS,8.63
LKA,Sri Lanka,2010,MFN_WEIGHTED,TM.TAX.MRCH.WM.AR.ZS,8.04
LKA,Sri Lanka,2011,APPLIED_WEIGHTED,TM.TAX.MRCH.WM.FN.ZS,8.29
LKA,Sri Lanka,2011,MFN_WEIGHTED,TM.TAX.MRCH.WM.AR.ZS,7.68
LKA,Sri Lanka,2012,APPLIED_WEIGHTED,TM.TAX.MRCH.WM.FN.ZS,7.68
LKA,Sri Lanka,2012,MFN_WEIGHTED,TM.TAX.MRCH.WM.AR.ZS,7.05
LKA,Sri Lanka,2014,APPLIED_WEIGHTED,TM.TAX.MRCH.WM.FN.ZS,7.72
LKA,Sri Lanka,2014,MFN_WEIGHTED,TM.TAX.MRCH.WM.AR.ZS,7.09
LKA,Sri Lanka,2015,APPLIED_WEIGHTED,TM.TAX.MRCH.WM.FN.ZS,5.04
LKA,Sri Lanka,2015,MFN_WEIGHTED,TM.TAX.MRCH.WM.AR.ZS,4.43
LKA,Sri Lanka,2017,APPLIED_WEIGHTED,TM.TAX.MRCH.WM.FN.ZS,9.16
LKA,Sri Lanka,2017,MFN_WEIGHTED,TM.TAX.MRCH.WM.AR.ZS,8.72
LKA,Sri Lanka,2018,APPLIED_WEIGHTED,TM.TAX.MRCH.WM.FN.ZS,12.54
LKA,Sri Lanka,2018,MFN_WEIGHTED,TM.TAX.MRCH.WM.AR.ZS,12.08
LKA,Sri Lanka,2019,APPLIED_WEIGHTED,TM.TAX.MRCH.WM.FN.ZS,13.99
LKA,Sri Lanka,2019,MFN_WEIGHTED,TM.TAX.MRCH.WM.AR.ZS,13.3
LKA,Sri Lanka,2020,APPLIED_WEIGHTED,TM.TAX.MRCH.WM.FN.ZS,6.74
LKA,Sri Lanka,2020,MFN_WEIGHTED,TM.TAX.MRCH.WM.AR.ZS,6.28
LKA,Sri Lanka,2021,APPLIED_WEIGHTED,TM.TAX.MRCH.WM.FN.ZS,4.68
LKA,Sri Lanka,2021,MFN_WEIGHTED,TM.TAX.MRCH.WM.AR.ZS,4.36
MMR,Myanmar,2005,APPLIED_WEIGHTED,TM.TAX.MRCH.WM.FN.ZS,2.93
MMR,Myanmar,2005,MFN_WEIGHTED,TM.TAX.MRCH.WM.AR.ZS,2.86
MMR,Myanmar,2006,APPLIED_WEIGHTED,TM.TAX.MRCH.WM.FN.ZS,2.93
MMR,Myanmar,2006,MFN_WEIGHTED,TM.TAX.MRCH.WM.AR.ZS,2.83
MMR,Myanmar,2007,APPLIED_WEIGHTED,TM.TAX.MRCH.WM.FN.ZS,2.93
MMR,Myanmar,2007,MFN_WEIGHTED,TM.TAX.MRCH.WM.AR.ZS,2.78
MMR,Myanmar,2008,APPLIED_WEIGHTED,TM.TAX.MRCH.WM.FN.ZS,2.93
MMR,Myanmar,2008,MFN_WEIGHTED,TM.TAX.MRCH.WM.AR.ZS,2.75
MMR,Myanmar,2010,APPLIED_WEIGHTED,TM.TAX.MRCH.WM.FN.ZS,2.95
MMR,Myanmar,2010,MFN_WEIGHTED,TM.TAX.MRCH.WM.AR.ZS,2.43
MMR,Myanmar,2011,APPLIED_WEIGHTED,TM.TAX.MRCH.WM.FN.ZS,2.95
MMR,Myanmar,2011,MFN_WEIGHTED,TM.TAX.MRCH.WM.AR.ZS,1.99
MMR,Myanmar,2012,APPLIED_WEIGHTED,TM.TAX.MRCH.WM.FN.ZS,4.86
MMR,Myanmar,2012,MFN_WEIGHTED,TM.TAX.MRCH.WM.AR.ZS,4.86
MMR,Myanmar,2013,APPLIED_WEIGHTED,TM.TAX.MRCH.WM.FN.ZS,4.07
MMR,Myanmar,2013,MFN_WEIGHTED,TM.TAX.MRCH.WM.AR.ZS,4.07
MMR,Myanmar,2015,APPLIED_WEIGHTED,TM.TAX.MRCH.WM.FN.ZS,3.56
MMR,Myanmar,2015,MFN_WEIGHTED,TM.TAX.MRCH.WM.AR.ZS,1.72
MMR,Myanmar,2019,APPLIED_WEIGHTED,TM.TAX.MRCH.WM.FN.ZS,6.11
MMR,Myanmar,2019,MFN_WEIGHTED,TM.TAX.MRCH.WM.AR.ZS,1.81
MMR,Myanmar,2021,APPLIED_WEIGHTED,TM.TAX.MRCH.WM.FN.ZS,5.93
MMR,Myanmar,2021,MFN_WEIGHTED,TM.TAX.MRCH.WM.AR.ZS,1.04
MMR,Myanmar,2022,APPLIED_WEIGHTED,TM.TAX.MRCH.WM.FN.ZS,5.94
MMR,Myanmar,2022,MFN_WEIGHTED,TM.TAX.MRCH.WM.AR.ZS,0.82
MYS,Malaysia,2005,APPLIED_WEIGHTED,TM.TAX.MRCH.WM.FN.ZS,4.27
MYS,Malaysia,2005,MFN_WEIGHTED,TM.TAX.MRCH.WM.AR.ZS,4.27
MYS,Malaysia,2006,APPLIED_WEIGHTED,TM.TAX.MRCH.WM.FN.ZS,4.36
MYS,Malaysia,2006,MFN_WEIGHTED,TM.TAX.MRCH.WM.AR.ZS,3.68
MYS,Malaysia,2007,APPLIED_WEIGHTED,TM.TAX.MRCH.WM.FN.ZS,4.83
MYS,Malaysia,2007,MFN_WEIGHTED,TM.TAX.MRCH.WM.AR.ZS,3.71
MYS,Malaysia,2008,APPLIED_WEIGHTED,TM.TAX.MRCH.WM.FN.ZS,5.06
MYS,Malaysia,2008,MFN_WEIGHTED,TM.TAX.MRCH.WM.AR.ZS,3.89
MYS,Malaysia,2009,APPLIED_WEIGHTED,TM.TAX.MRCH.WM.FN.ZS,5.19
MYS,Malaysia,2009,MFN_WEIGHTED,TM.TAX.MRCH.WM.AR.ZS,3.55
MYS,Malaysia,2010,APPLIED_WEIGHTED,TM.TAX.MRCH.WM.FN.ZS,4.37
MYS,Malaysia,2010,MFN_WEIGHTED,TM.TAX.MRCH.WM.AR.ZS,3.12
MYS,Malaysia,2011,APPLIED_WEIGHTED,TM.TAX.MRCH.WM.FN.ZS,4.17
MYS,Malaysia,2011,MFN_WEIGHTED,TM.TAX.MRCH.WM.AR.ZS,4.17
MYS,Malaysia,2012,APPLIED_WEIGHTED,TM.TAX.MRCH.WM.FN.ZS,4.41
MYS,Malaysia,2012,MFN_WEIGHTED,TM.TAX.MRCH.WM.AR.ZS,4.41
MYS,Malaysia,2013,APPLIED_WEIGHTED,TM.TAX.MRCH.WM.FN.ZS,4.44
MYS,Malaysia,2013,MFN_WEIGHTED,TM.TAX.MRCH.WM.AR.ZS,4.44
MYS,Malaysia,2014,APPLIED_WEIGHTED,TM.TAX.MRCH.WM.FN.ZS,3.52
MYS,Malaysia,2014,MFN_WEIGHTED,TM.TAX.MRCH.WM.AR.ZS,1.28
MYS,Malaysia,2016,APPLIED_WEIGHTED,TM.TAX.MRCH.WM.FN.ZS,4.02
MYS,Malaysia,2016,MFN_WEIGHTED,TM.TAX.MRCH.WM.AR.ZS,4.02
MYS,Malaysia,2020,APPLIED_WEIGHTED,TM.TAX.MRCH.WM.FN.ZS,3.6
MYS,Malaysia,2020,MFN_WEIGHTED,TM.TAX.MRCH.WM.AR.ZS,3.6
MYS,Malaysia,2021,APPLIED_WEIGHTED,TM.TAX.MRCH.WM.FN.ZS,3.62
MYS,Malaysia,2021,MFN_WEIGHTED,TM.TAX.MRCH.WM.AR.ZS,3.62
MYS,Malaysia,2022,APPLIED_WEIGHTED,TM.TAX.MRCH.WM.FN.ZS,3.42
MYS,Malaysia,2022,MFN_WEIGHTED,TM.TAX.MRCH.WM.AR.ZS,3.42
NGA,Nigeria,2005,APPLIED_WEIGHTED,TM.TAX.MRCH.WM.FN.ZS,9.34
NGA,Nigeria,2005,MFN_WEIGHTED,TM.TAX.MRCH.WM.AR.ZS,9.34
NGA,Nigeria,2006,APPLIED_WEIGHTED,TM.TAX.MRCH.WM.FN.ZS,9.4
NGA,Nigeria,2006,MFN_WEIGHTED,TM.TAX.MRCH.WM.AR.ZS,9.4
NGA,Nigeria,2008,APPLIED_WEIGHTED,TM.TAX.MRCH.WM.FN.ZS,9.79
NGA,Nigeria,2008,MFN_WEIGHTED,TM.TAX.MRCH.WM.AR.ZS,9.79
NGA,Nigeria,2009,APPLIED_WEIGHTED,TM.TAX.MRCH.WM.FN.ZS,9.83
NGA,Nigeria,2009,MFN_WEIGHTED,TM.TAX.MRCH.WM.AR.ZS,9.83
NGA,Nigeria,2010,APPLIED_WEIGHTED,TM.TAX.MRCH.WM.FN.ZS,10.7
NGA,Nigeria,2010,MFN_WEIGHTED,TM.TAX.MRCH.WM.AR.ZS,10.7
NGA,Nigeria,2011,APPLIED_WEIGHTED,TM.TAX.MRCH.WM.FN.ZS,10.15
NGA,Nigeria,2011,MFN_WEIGHTED,TM.TAX.MRCH.WM.AR.ZS,10.15
NGA,Nigeria,2013,APPLIED_WEIGHTED,TM.TAX.MRCH.WM.FN.ZS,10.07
NGA,Nigeria,2013,MFN_WEIGHTED,TM.TAX.MRCH.WM.AR.ZS,10.07
NGA,Nigeria,2014,APPLIED_WEIGHTED,TM.TAX.MRCH.WM.FN.ZS,11.34
NGA,Nigeria,2014,MFN_WEIGHTED,TM.TAX.MRCH.WM.AR.ZS,11.34
NGA,Nigeria,2015,APPLIED_WEIGHTED,TM.TAX.MRCH.WM.FN.ZS,8.33
NGA,Nigeria,2015,MFN_WEIGHTED,TM.TAX.MRCH.WM.AR.ZS,8.22
NGA,Nigeria,2016,APPLIED_WEIGHTED,TM.TAX.MRCH.WM.FN.ZS,8.63
NGA,Nigeria,2016,MFN_WEIGHTED,TM.TAX.MRCH.WM.AR.ZS,8.52
NGA,Nigeria,2020,APPLIED_WEIGHTED,TM.TAX.MRCH.WM.FN.ZS,12.38
NGA,Nigeria,2020,MFN_WEIGHTED,TM.TAX.MRCH.WM.AR.ZS,12.37
NGA,Nigeria,2021,APPLIED_WEIGHTED,TM.TAX.MRCH.WM.FN.ZS,12.26
NGA,Nigeria,2021,MFN_WEIGHTED,TM.TAX.MRCH.WM.AR.ZS,12.2
NGA,Nigeria,2022,APPLIED_WEIGHTED,TM.TAX.MRCH.WM.FN.ZS,9.42
NGA,Nigeria,2022,MFN_WEIGHTED,TM.TAX.MRCH.WM.AR.ZS,9.34
NPL,Nepal,2005,APPLIED_WEIGHTED,TM.TAX.MRCH.WM.FN.ZS,15.49
NPL,Nepal,2005,MFN_WEIGHTED,TM.TAX.MRCH.WM.AR.ZS,15.4
NPL,Nepal,2006,APPLIED_WEIGHTED,TM.TAX.MRCH.WM.FN.ZS,13.26
NPL,Nepal,2006,MFN_WEIGHTED,TM.TAX.MRCH.WM.AR.ZS,13.13
NPL,Nepal,2007,APPLIED_WEIGHTED,TM.TAX.MRCH.WM.FN.ZS,13.46
NPL,Nepal,2007,MFN_WEIGHTED,TM.TAX.MRCH.WM.AR.ZS,13.29
NPL,Nepal,2008,APPLIED_WEIGHTED,TM.TAX.MRCH.WM.FN.ZS,421.5
NPL,Nepal,2008,MFN_WEIGHTED,TM.TAX.MRCH.WM.AR.ZS,421.5
NPL,Nepal,2009,APPLIED_WEIGHTED,TM.TAX.MRCH.WM.FN.ZS,12.9
NPL,Nepal,2009,MFN_WEIGHTED,TM.TAX.MRCH.WM.AR.ZS,12.65
NPL,Nepal,2010,APPLIED_WEIGHTED,TM.TAX.MRCH.WM.FN.ZS,13.35
NPL,Nepal,2010,MFN_WEIGHTED,TM.TAX.MRCH.WM.AR.ZS,13.05
NPL,Nepal,2011,APPLIED_WEIGHTED,TM.TAX.MRCH.WM.FN.ZS,12.8
NPL,Nepal,2011,MFN_WEIGHTED,TM.TAX.MRCH.WM.AR.ZS,12.45
NPL,Nepal,2012,APPLIED_WEIGHTED,TM.TAX.MRCH.WM.FN.ZS,12.87
NPL,Nepal,2012,MFN_WEIGHTED,TM.TAX.MRCH.WM.AR.ZS,12.45
NPL,Nepal,2013,APPLIED_WEIGHTED,TM.TAX.MRCH.WM.FN.ZS,15.65
NPL,Nepal,2013,MFN_WEIGHTED,TM.TAX.MRCH.WM.AR.ZS,15.04
NPL,Nepal,2014,APPLIED_WEIGHTED,TM.TAX.MRCH.WM.FN.ZS,11.31
NPL,Nepal,2014,MFN_WEIGHTED,TM.TAX.MRCH.WM.AR.ZS,10.55
NPL,Nepal,2015,APPLIED_WEIGHTED,TM.TAX.MRCH.WM.FN.ZS,13.08
NPL,Nepal,2015,MFN_WEIGHTED,TM.TAX.MRCH.WM.AR.ZS,12.31
NPL,Nepal,2016,APPLIED_WEIGHTED,TM.TAX.MRCH.WM.FN.ZS,13.07
NPL,Nepal,2016,MFN_WEIGHTED,TM.TAX.MRCH.WM.AR.ZS,12.35
NPL,Nepal,2018,APPLIED_WEIGHTED,TM.TAX.MRCH.WM.FN.ZS,13.42
NPL,Nepal,2018,MFN_WEIGHTED,TM.TAX.MRCH.WM.AR.ZS,12.36
NPL,Nepal,2019,APPLIED_WEIGHTED,TM.TAX.MRCH.WM.FN.ZS,15.43
NPL,Nepal,2019,MFN_WEIGHTED,TM.TAX.MRCH.WM.AR.ZS,14.22
NPL,Nepal,2020,APPLIED_WEIGHTED,TM.TAX.MRCH.WM.FN.ZS,12.66
NPL,Nepal,2020,MFN_WEIGHTED,TM.TAX.MRCH.WM.AR.ZS,11.6
NPL,Nepal,2021,APPLIED_WEIGHTED,TM.TAX.MRCH.WM.FN.ZS,12.92
NPL,Nepal,2021,MFN_WEIGHTED,TM.TAX.MRCH.WM.AR.ZS,11.99
NPL,Nepal,2022,APPLIED_WEIGHTED,TM.TAX.MRCH.WM.FN.ZS,12.44
NPL,Nepal,2022,MFN_WEIGHTED,TM.TAX.MRCH.WM.AR.ZS,11.2
NZL,New Zealand,2005,APPLIED_WEIGHTED,TM.TAX.MRCH.WM.FN.ZS,5.08
NZL,New Zealand,2005,MFN_WEIGHTED,TM.TAX.MRCH.WM.AR.ZS,4.14
NZL,New Zealand,2006,APPLIED_WEIGHTED,TM.TAX.MRCH.WM.FN.ZS,5.17
NZL,New Zealand,2006,MFN_WEIGHTED,TM.TAX.MRCH.WM.AR.ZS,4.52
NZL,New Zealand,2007,APPLIED_WEIGHTED,TM.TAX.MRCH.WM.FN.ZS,3.54
NZL,New Zealand,2007,MFN_WEIGHTED,TM.TAX.MRCH.WM.AR.ZS,2.62
NZL,New Zealand,2008,APPLIED_WEIGHTED,TM.TAX.MRCH.WM.FN.ZS,2.4
NZL,New Zealand,2008,MFN_WEIGHTED,TM.TAX.MRCH.WM.AR.ZS,1.82
NZL,New Zealand,2009,APPLIED_WEIGHTED,TM.TAX.MRCH.WM.FN.ZS,2.29
NZL,New Zealand,2009,MFN_WEIGHTED,TM.TAX.MRCH.WM.AR.ZS,1.68
NZL,New Zealand,2010,APPLIED_WEIGHTED,TM.TAX.MRCH.WM.FN.ZS,6.26
NZL,New Zealand,2010,MFN_WEIGHTED,TM.TAX.MRCH.WM.AR.ZS,5.53
NZL,New Zealand,2011,APPLIED_WEIGHTED,TM.TAX.MRCH.WM.FN.ZS,2.13
NZL,New Zealand,2011,MFN_WEIGHTED,TM.TAX.MRCH.WM.AR.ZS,2.11
NZL,New Zealand,2012,APPLIED_WEIGHTED,TM.TAX.MRCH.WM.FN.ZS,2.36
NZL,New Zealand,2012,MFN_WEIGHTED,TM.TAX.MRCH.WM.AR.ZS,2.32
NZL,New Zealand,2013,APPLIED_WEIGHTED,TM.TAX.MRCH.WM.FN.ZS,2.41
NZL,New Zealand,2013,MFN_WEIGHTED,TM.TAX.MRCH.WM.AR.ZS,1.38
NZL,New Zealand,2014,APPLIED_WEIGHTED,TM.TAX.MRCH.WM.FN.ZS,2.39
NZL,New Zealand,2014,MFN_WEIGHTED,TM.TAX.MRCH.WM.AR.ZS,1.31
NZL,New Zealand,2015,APPLIED_WEIGHTED,TM.TAX.MRCH.WM.FN.ZS,2.56
NZL,New Zealand,2015,MFN_WEIGHTED,TM.TAX.MRCH.WM.AR.ZS,1.32
NZL,New Zealand,2016,APPLIED_WEIGHTED,TM.TAX.MRCH.WM.FN.ZS,2.72
NZL,New Zealand,2016,MFN_WEIGHTED,TM.TAX.MRCH.WM.AR.ZS,1.27
NZL,New Zealand,2017,APPLIED_WEIGHTED,TM.TAX.MRCH.WM.FN.ZS,2.8
NZL,New Zealand,2017,MFN_WEIGHTED,TM.TAX.MRCH.WM.AR.ZS,1.35
NZL,New Zealand,2019,APPLIED_WEIGHTED,TM.TAX.MRCH.WM.FN.ZS,2.63
NZL,New Zealand,2019,MFN_WEIGHTED,TM.TAX.MRCH.WM.AR.ZS,0.91
NZL,New Zealand,2020,APPLIED_WEIGHTED,TM.TAX.MRCH.WM.FN.ZS,2.52
NZL,New Zealand,2020,MFN_WEIGHTED,TM.TAX.MRCH.WM.AR.ZS,0.85
NZL,New Zealand,2021,APPLIED_WEIGHTED,TM.TAX.MRCH.WM.FN.ZS,2.67
NZL,New Zealand,2021,MFN_WEIGHTED,TM.TAX.MRCH.WM.AR.ZS,0.86
NZL,New Zealand,2022,APPLIED_WEIGHTED,TM.TAX.MRCH.WM.FN.ZS,2.61
NZL,New Zealand,2022,MFN_WEIGHTED,TM.TAX.MRCH.WM.AR.ZS,1.7
PAK,Pakistan,2005,APPLIED_WEIGHTED,TM.TAX.MRCH.WM.FN.ZS,13.01
PAK,Pakistan,2005,MFN_WEIGHTED,TM.TAX.MRCH.WM.AR.ZS,13.0
PAK,Pakistan,2006,APPLIED_WEIGHTED,TM.TAX.MRCH.WM.FN.ZS,12.77
PAK,Pakistan,2006,MFN_WEIGHTED,TM.TAX.MRCH.WM.AR.ZS,12.71
PAK,Pakistan,2007,APPLIED_WEIGHTED,TM.TAX.MRCH.WM.FN.ZS,12.23
PAK,Pakistan,2007,MFN_WEIGHTED,TM.TAX.MRCH.WM.AR.ZS,12.11
PAK,Pakistan,2008,APPLIED_WEIGHTED,TM.TAX.MRCH.WM.FN.ZS,9.7
PAK,Pakistan,2008,MFN_WEIGHTED,TM.TAX.MRCH.WM.AR.ZS,9.5
PAK,Pakistan,2009,APPLIED_WEIGHTED,TM.TAX.MRCH.WM.FN.ZS,9.88
PAK,Pakistan,2009,MFN_WEIGHTED,TM.TAX.MRCH.WM.AR.ZS,9.88
PAK,Pakistan,2010,APPLIED_WEIGHTED,TM.TAX.MRCH.WM.FN.ZS,10.2
PAK,Pakistan,2010,MFN_WEIGHTED,TM.TAX.MRCH.WM.AR.ZS,10.2
PAK,Pakistan,2011,APPLIED_WEIGHTED,TM.TAX.MRCH.WM.FN.ZS,9.74
PAK,Pakistan,2011,MFN_WEIGHTED,TM.TAX.MRCH.WM.AR.ZS,9.02
PAK,Pakistan,2012,APPLIED_WEIGHTED,TM.TAX.MRCH.WM.FN.ZS,9.79
PAK,Pakistan,2012,MFN_WEIGHTED,TM.TAX.MRCH.WM.AR.ZS,9.02
PAK,Pakistan,2013,APPLIED_WEIGHTED,TM.TAX.MRCH.WM.FN.ZS,9.41
PAK,Pakistan,2013,MFN_WEIGHTED,TM.TAX.MRCH.WM.AR.ZS,9.41
PAK,Pakistan,2014,APPLIED_WEIGHTED,TM.TAX.MRCH.WM.FN.ZS,9.91
PAK,Pakistan,2014,MFN_WEIGHTED,TM.TAX.MRCH.WM.AR.ZS,8.92
PAK,Pakistan,2015,APPLIED_WEIGHTED,TM.TAX.MRCH.WM.FN.ZS,10.66
PAK,Pakistan,2015,MFN_WEIGHTED,TM.TAX.MRCH.WM.AR.ZS,9.58
PAK,Pakistan,2016,APPLIED_WEIGHTED,TM.TAX.MRCH.WM.FN.ZS,11.32
PAK,Pakistan,2016,MFN_WEIGHTED,TM.TAX.MRCH.WM.AR.ZS,10.09
PAK,Pakistan,2018,APPLIED_WEIGHTED,TM.TAX.MRCH.WM.FN.ZS,10.57
PAK,Pakistan,2018,MFN_WEIGHTED,TM.TAX.MRCH.WM.AR.ZS,9.45
PAK,Pakistan,2019,APPLIED_WEIGHTED,TM.TAX.MRCH.WM.FN.ZS,9.82
PAK,Pakistan,2019,MFN_WEIGHTED,TM.TAX.MRCH.WM.AR.ZS,8.69
PAK,Pakistan,2020,APPLIED_WEIGHTED,TM.TAX.MRCH.WM.FN.ZS,9.54
PAK,Pakistan,2020,MFN_WEIGHTED,TM.TAX.MRCH.WM.AR.ZS,8.67
PAK,Pakistan,2021,APPLIED_WEIGHTED,TM.TAX.MRCH.WM.FN.ZS,9.9
PAK,Pakistan,2021,MFN_WEIGHTED,TM.TAX.MRCH.WM.AR.ZS,9.03
PAK,Pakistan,2022,APPLIED_WEIGHTED,TM.TAX.MRCH.WM.FN.ZS,8.07
PAK,Pakistan,2022,MFN_WEIGHTED,TM.TAX.MRCH.WM.AR.ZS,7.61
PER,Peru,2005,APPLIED_WEIGHTED,TM.TAX.MRCH.WM.FN.ZS,9.12
PER,Peru,2005,MFN_WEIGHTED,TM.TAX.MRCH.WM.AR.ZS,8.33
PER,Peru,2006,APPLIED_WEIGHTED,TM.TAX.MRCH.WM.FN.ZS,6.82
PER,Peru,2006,MFN_WEIGHTED,TM.TAX.MRCH.WM.AR.ZS,5.25
PER,Peru,2007,APPLIED_WEIGHTED,TM.TAX.MRCH.WM.FN.ZS,6.63
PER,Peru,2007,MFN_WEIGHTED,TM.TAX.MRCH.WM.AR.ZS,5.18
PER,Peru,2008,APPLIED_WEIGHTED,TM.TAX.MRCH.WM.FN.ZS,2.65
PER,Peru,2008,MFN_WEIGHTED,TM.TAX.MRCH.WM.AR.ZS,2.09
PER,Peru,2009,APPLIED_WEIGHTED,TM.TAX.MRCH.WM.FN.ZS,2.83
PER,Peru,2009,MFN_WEIGHTED,TM.TAX.MRCH.WM.AR.ZS,2.24
PER,Peru,2010,APPLIED_WEIGHTED,TM.TAX.MRCH.WM.FN.ZS,2.83
PER,Peru,2010,MFN_WEIGHTED,TM.TAX.MRCH.WM.AR.ZS,2.52
PER,Peru,2011,APPLIED_WEIGHTED,TM.TAX.MRCH.WM.FN.ZS,1.88
PER,Peru,2011,MFN_WEIGHTED,TM.TAX.MRCH.WM.AR.ZS,1.51
PER,Peru,2013,APPLIED_WEIGHTED,TM.TAX.MRCH.WM.FN.ZS,1.86
PER,Peru,2013,MFN_WEIGHTED,TM.TAX.MRCH.WM.AR.ZS,1.52
PER,Peru,2014,APPLIED_WEIGHTED,TM.TAX.MRCH.WM.FN.ZS,1.86
PER,Peru,2014,MFN_WEIGHTED,TM.TAX.MRCH.WM.AR.ZS,1.43
PER,Peru,2015,APPLIED_WEIGHTED,TM.TAX.MRCH.WM.FN.ZS,1.8
PER,Peru,2015,MFN_WEIGHTED,TM.TAX.MRCH.WM.AR.ZS,1.8
PER,Peru,2017,APPLIED_WEIGHTED,TM.TAX.MRCH.WM.FN.ZS,1.97
PER,Peru,2017,MFN_WEIGHTED,TM.TAX.MRCH.WM.AR.ZS,0.8
PER,Peru,2018,APPLIED_WEIGHTED,TM.TAX.MRCH.WM.FN.ZS,1.97
PER,Peru,2018,MFN_WEIGHTED,TM.TAX.MRCH.WM.AR.ZS,0.71
PER,Peru,2019,APPLIED_WEIGHTED,TM.TAX.MRCH.WM.FN.ZS,2.01
PER,Peru,2019,MFN_WEIGHTED,TM.TAX.MRCH.WM.AR.ZS,0.73
PER,Peru,2020,APPLIED_WEIGHTED,TM.TAX.MRCH.WM.FN.ZS,2.01
PER,Peru,2020,MFN_WEIGHTED,TM.TAX.MRCH.WM.AR.ZS,0.66
PER,Peru,2021,APPLIED_WEIGHTED,TM.TAX.MRCH.WM.FN.ZS,2.11
PER,Peru,2021,MFN_WEIGHTED,TM.TAX.MRCH.WM.AR.ZS,0.65
PER,Peru,2022,APPLIED_WEIGHTED,TM.TAX.MRCH.WM.FN.ZS,1.96
PER,Peru,2022,MFN_WEIGHTED,TM.TAX.MRCH.WM.AR.ZS,0.66
PHL,Philippines,2005,APPLIED_WEIGHTED,TM.TAX.MRCH.WM.FN.ZS,3.77
PHL,Philippines,2005,MFN_WEIGHTED,TM.TAX.MRCH.WM.AR.ZS,3.14
PHL,Philippines,2006,APPLIED_WEIGHTED,TM.TAX.MRCH.WM.FN.ZS,3.72
PHL,Philippines,2006,MFN_WEIGHTED,TM.TAX.MRCH.WM.AR.ZS,3.1
PHL,Philippines,2007,APPLIED_WEIGHTED,TM.TAX.MRCH.WM.FN.ZS,3.46
PHL,Philippines,2007,MFN_WEIGHTED,TM.TAX.MRCH.WM.AR.ZS,2.78
PHL,Philippines,2008,APPLIED_WEIGHTED,TM.TAX.MRCH.WM.FN.ZS,6.04
PHL,Philippines,2008,MFN_WEIGHTED,TM.TAX.MRCH.WM.AR.ZS,4.1
PHL,Philippines,2009,APPLIED_WEIGHTED,TM.TAX.MRCH.WM.FN.ZS,6.11
PHL,Philippines,2009,MFN_WEIGHTED,TM.TAX.MRCH.WM.AR.ZS,3.98
PHL,Philippines,2010,APPLIED_WEIGHTED,TM.TAX.MRCH.WM.FN.ZS,6.09
PHL,Philippines,2010,MFN_WEIGHTED,TM.TAX.MRCH.WM.AR.ZS,3.96
PHL,Philippines,2011,APPLIED_WEIGHTED,TM.TAX.MRCH.WM.FN.ZS,5.67
PHL,Philippines,2011,MFN_WEIGHTED,TM.TAX.MRCH.WM.AR.ZS,1.98
PHL,Philippines,2012,APPLIED_WEIGHTED,TM.TAX.MRCH.WM.FN.ZS,5.63
PHL,Philippines,2012,MFN_WEIGHTED,TM.TAX.MRCH.WM.AR.ZS,1.85
PHL,Philippines,2013,APPLIED_WEIGHTED,TM.TAX.MRCH.WM.FN.ZS,5.73
PHL,Philippines,2013,MFN_WEIGHTED,TM.TAX.MRCH.WM.AR.ZS,1.86
PHL,Philippines,2015,APPLIED_WEIGHTED,TM.TAX.MRCH.WM.FN.ZS,5.72
PHL,Philippines,2015,MFN_WEIGHTED,TM.TAX.MRCH.WM.AR.ZS,1.75
PHL,Philippines,2016,APPLIED_WEIGHTED,TM.TAX.MRCH.WM.FN.ZS,5.69
PHL,Philippines,2016,MFN_WEIGHTED,TM.TAX.MRCH.WM.AR.ZS,4.17
PHL,Philippines,2017,APPLIED_WEIGHTED,TM.TAX.MRCH.WM.FN.ZS,5.72
PHL,Philippines,2017,MFN_WEIGHTED,TM.TAX.MRCH.WM.AR.ZS,1.66
PHL,Philippines,2018,APPLIED_WEIGHTED,TM.TAX.MRCH.WM.FN.ZS,7.12
PHL,Philippines,2018,MFN_WEIGHTED,TM.TAX.MRCH.WM.AR.ZS,2.11
PHL,Philippines,2019,APPLIED_WEIGHTED,TM.TAX.MRCH.WM.FN.ZS,5.95
PHL,Philippines,2019,MFN_WEIGHTED,TM.TAX.MRCH.WM.AR.ZS,1.68
PHL,Philippines,2020,APPLIED_WEIGHTED,TM.TAX.MRCH.WM.FN.ZS,5.98
PHL,Philippines,2020,MFN_WEIGHTED,TM.TAX.MRCH.WM.AR.ZS,1.67
PHL,Philippines,2021,APPLIED_WEIGHTED,TM.TAX.MRCH.WM.FN.ZS,5.75
PHL,Philippines,2021,MFN_WEIGHTED,TM.TAX.MRCH.WM.AR.ZS,1.73
PHL,Philippines,2022,APPLIED_WEIGHTED,TM.TAX.MRCH.WM.FN.ZS,6.05
PHL,Philippines,2022,MFN_WEIGHTED,TM.TAX.MRCH.WM.AR.ZS,1.76
POL,Poland,2005,APPLIED_WEIGHTED,TM.TAX.MRCH.WM.FN.ZS,3.54
POL,Poland,2005,MFN_WEIGHTED,TM.TAX.MRCH.WM.AR.ZS,2.46
POL,Poland,2006,APPLIED_WEIGHTED,TM.TAX.MRCH.WM.FN.ZS,3.33
POL,Poland,2006,MFN_WEIGHTED,TM.TAX.MRCH.WM.AR.ZS,2.3
POL,Poland,2007,APPLIED_WEIGHTED,TM.TAX.MRCH.WM.FN.ZS,3.23
POL,Poland,2007,MFN_WEIGHTED,TM.TAX.MRCH.WM.AR.ZS,2.24
POL,Poland,2008,APPLIED_WEIGHTED,TM.TAX.MRCH.WM.FN.ZS,2.99
POL,Poland,2008,MFN_WEIGHTED,TM.TAX.MRCH.WM.AR.ZS,1.72
POL,Poland,2009,APPLIED_WEIGHTED,TM.TAX.MRCH.WM.FN.ZS,3.23
POL,Poland,2009,MFN_WEIGHTED,TM.TAX.MRCH.WM.AR.ZS,1.85
POL,Poland,2010,APPLIED_WEIGHTED,TM.TAX.MRCH.WM.FN.ZS,3.08
POL,Poland,2010,MFN_WEIGHTED,TM.TAX.MRCH.WM.AR.ZS,2.13
POL,Poland,2011,APPLIED_WEIGHTED,TM.TAX.MRCH.WM.FN.ZS,3.0
POL,Poland,2011,MFN_WEIGHTED,TM.TAX.MRCH.WM.AR.ZS,1.59
POL,Poland,2012,APPLIED_WEIGHTED,TM.TAX.MRCH.WM.FN.ZS,2.84
POL,Poland,2012,MFN_WEIGHTED,TM.TAX.MRCH.WM.AR.ZS,1.46
POL,Poland,2013,APPLIED_WEIGHTED,TM.TAX.MRCH.WM.FN.ZS,2.95
POL,Poland,2013,MFN_WEIGHTED,TM.TAX.MRCH.WM.AR.ZS,1.49
POL,Poland,2014,APPLIED_WEIGHTED,TM.TAX.MRCH.WM.FN.ZS,3.07
POL,Poland,2014,MFN_WEIGHTED,TM.TAX.MRCH.WM.AR.ZS,2.03
POL,Poland,2015,APPLIED_WEIGHTED,TM.TAX.MRCH.WM.FN.ZS,3.09
POL,Poland,2015,MFN_WEIGHTED,TM.TAX.MRCH.WM.AR.ZS,2.02
POL,Poland,2016,APPLIED_WEIGHTED,TM.TAX.MRCH.WM.FN.ZS,3.29
POL,Poland,2016,MFN_WEIGHTED,TM.TAX.MRCH.WM.AR.ZS,2.09
POL,Poland,2017,APPLIED_WEIGHTED,TM.TAX.MRCH.WM.FN.ZS,3.27
POL,Poland,2017,MFN_WEIGHTED,TM.TAX.MRCH.WM.AR.ZS,1.96
POL,Poland,2018,APPLIED_WEIGHTED,TM.TAX.MRCH.WM.FN.ZS,3.11
POL,Poland,2018,MFN_WEIGHTED,TM.TAX.MRCH.WM.AR.ZS,1.83
POL,Poland,2019,APPLIED_WEIGHTED,TM.TAX.MRCH.WM.FN.ZS,3.08
POL,Poland,2019,MFN_WEIGHTED,TM.TAX.MRCH.WM.AR.ZS,1.84
POL,Poland,2020,APPLIED_WEIGHTED,TM.TAX.MRCH.WM.FN.ZS,2.8
POL,Poland,2020,MFN_WEIGHTED,TM.TAX.MRCH.WM.AR.ZS,1.48
POL,Poland,2021,APPLIED_WEIGHTED,TM.TAX.MRCH.WM.FN.ZS,2.85
POL,Poland,2021,MFN_WEIGHTED,TM.TAX.MRCH.WM.AR.ZS,1.39
POL,Poland,2022,APPLIED_WEIGHTED,TM.TAX.MRCH.WM.FN.ZS,2.68
POL,Poland,2022,MFN_WEIGHTED,TM.TAX.MRCH.WM.AR.ZS,1.33
QAT,Qatar,2005,APPLIED_WEIGHTED,TM.TAX.MRCH.WM.FN.ZS,5.02
QAT,Qatar,2005,MFN_WEIGHTED,TM.TAX.MRCH.WM.AR.ZS,4.3
QAT,Qatar,2006,APPLIED_WEIGHTED,TM.TAX.MRCH.WM.FN.ZS,5.03
QAT,Qatar,2006,MFN_WEIGHTED,TM.TAX.MRCH.WM.AR.ZS,4.28
QAT,Qatar,2007,APPLIED_WEIGHTED,TM.TAX.MRCH.WM.FN.ZS,4.43
QAT,Qatar,2007,MFN_WEIGHTED,TM.TAX.MRCH.WM.AR.ZS,3.68
QAT,Qatar,2008,APPLIED_WEIGHTED,TM.TAX.MRCH.WM.FN.ZS,4.36
QAT,Qatar,2008,MFN_WEIGHTED,TM.TAX.MRCH.WM.AR.ZS,3.7
QAT,Qatar,2009,APPLIED_WEIGHTED,TM.TAX.MRCH.WM.FN.ZS,4.49
QAT,Qatar,2009,MFN_WEIGHTED,TM.TAX.MRCH.WM.AR.ZS,4.28
QAT,Qatar,2010,APPLIED_WEIGHTED,TM.TAX.MRCH.WM.FN.ZS,4.42
QAT,Qatar,2010,MFN_WEIGHTED,TM.TAX.MRCH.WM.AR.ZS,4.42
QAT,Qatar,2011,APPLIED_WEIGHTED,TM.TAX.MRCH.WM.FN.ZS,4.42
QAT,Qatar,2011,MFN_WEIGHTED,TM.TAX.MRCH.WM.AR.ZS,4.42
QAT,Qatar,2012,APPLIED_WEIGHTED,TM.TAX.MRCH.WM.FN.ZS,4.08
QAT,Qatar,2012,MFN_WEIGHTED,TM.TAX.MRCH.WM.AR.ZS,4.0
QAT,Qatar,2013,APPLIED_WEIGHTED,TM.TAX.MRCH.WM.FN.ZS,4.23
QAT,Qatar,2013,MFN_WEIGHTED,TM.TAX.MRCH.WM.AR.ZS,4.1
QAT,Qatar,2014,APPLIED_WEIGHTED,TM.TAX.MRCH.WM.FN.ZS,4.18
QAT,Qatar,2014,MFN_WEIGHTED,TM.TAX.MRCH.WM.AR.ZS,3.42
QAT,Qatar,2015,APPLIED_WEIGHTED,TM.TAX.MRCH.WM.FN.ZS,4.27
QAT,Qatar,2015,MFN_WEIGHTED,TM.TAX.MRCH.WM.AR.ZS,3.37
QAT,Qatar,2016,APPLIED_WEIGHTED,TM.TAX.MRCH.WM.FN.ZS,4.27
QAT,Qatar,2016,MFN_WEIGHTED,TM.TAX.MRCH.WM.AR.ZS,3.37
QAT,Qatar,2017,APPLIED_WEIGHTED,TM.TAX.MRCH.WM.FN.ZS,4.7
QAT,Qatar,2017,MFN_WEIGHTED,TM.TAX.MRCH.WM.AR.ZS,4.22
QAT,Qatar,2018,APPLIED_WEIGHTED,TM.TAX.MRCH.WM.FN.ZS,4.02
QAT,Qatar,2018,MFN_WEIGHTED,TM.TAX.MRCH.WM.AR.ZS,3.68
QAT,Qatar,2019,APPLIED_WEIGHTED,TM.TAX.MRCH.WM.FN.ZS,3.77
QAT,Qatar,2019,MFN_WEIGHTED,TM.TAX.MRCH.WM.AR.ZS,3.47
QAT,Qatar,2020,APPLIED_WEIGHTED,TM.TAX.MRCH.WM.FN.ZS,3.89
QAT,Qatar,2020,MFN_WEIGHTED,TM.TAX.MRCH.WM.AR.ZS,3.55
QAT,Qatar,2021,APPLIED_WEIGHTED,TM.TAX.MRCH.WM.FN.ZS,3.95
QAT,Qatar,2021,MFN_WEIGHTED,TM.TAX.MRCH.WM.AR.ZS,3.53
QAT,Qatar,2022,APPLIED_WEIGHTED,TM.TAX.MRCH.WM.FN.ZS,4.21
QAT,Qatar,2022,MFN_WEIGHTED,TM.TAX.MRCH.WM.AR.ZS,3.69
RUS,Russian Federation,2005,APPLIED_WEIGHTED,TM.TAX.MRCH.WM.FN.ZS,10.48
RUS,Russian Federation,2005,MFN_WEIGHTED,TM.TAX.MRCH.WM.AR.ZS,10.48
RUS,Russian Federation,2007,APPLIED_WEIGHTED,TM.TAX.MRCH.WM.FN.ZS,8.04
RUS,Russian Federation,2007,MFN_WEIGHTED,TM.TAX.MRCH.WM.AR.ZS,7.26
RUS,Russian Federation,2008,APPLIED_WEIGHTED,TM.TAX.MRCH.WM.FN.ZS,9.35
RUS,Russian Federation,2008,MFN_WEIGHTED,TM.TAX.MRCH.WM.AR.ZS,8.59
RUS,Russian Federation,2009,APPLIED_WEIGHTED,TM.TAX.MRCH.WM.FN.ZS,8.81
RUS,Russian Federation,2009,MFN_WEIGHTED,TM.TAX.MRCH.WM.AR.ZS,8.12
RUS,Russian Federation,2010,APPLIED_WEIGHTED,TM.TAX.MRCH.WM.FN.ZS,7.99
RUS,Russian Federation,2010,MFN_WEIGHTED,TM.TAX.MRCH.WM.AR.ZS,5.2
RUS,Russian Federation,2011,APPLIED_WEIGHTED,TM.TAX.MRCH.WM.FN.ZS,7.98
RUS,Russian Federation,2011,MFN_WEIGHTED,TM.TAX.MRCH.WM.AR.ZS,7.24
RUS,Russian Federation,2012,APPLIED_WEIGHTED,TM.TAX.MRCH.WM.FN.ZS,8.07
RUS,Russian Federation,2012,MFN_WEIGHTED,TM.TAX.MRCH.WM.AR.ZS,6.84
RUS,Russian Federation,2013,APPLIED_WEIGHTED,TM.TAX.MRCH.WM.FN.ZS,7.37
RUS,Russian Federation,2013,MFN_WEIGHTED,TM.TAX.MRCH.WM.AR.ZS,6.21
RUS,Russian Federation,2014,APPLIED_WEIGHTED,TM.TAX.MRCH.WM.FN.ZS,6.43
RUS,Russian Federation,2014,MFN_WEIGHTED,TM.TAX.MRCH.WM.AR.ZS,5.37
RUS,Russian Federation,2015,APPLIED_WEIGHTED,TM.TAX.MRCH.WM.FN.ZS,5.54
RUS,Russian Federation,2015,MFN_WEIGHTED,TM.TAX.MRCH.WM.AR.ZS,3.08
RUS,Russian Federation,2016,APPLIED_WEIGHTED,TM.TAX.MRCH.WM.FN.ZS,4.56
RUS,Russian Federation,2016,MFN_WEIGHTED,TM.TAX.MRCH.WM.AR.ZS,3.62
RUS,Russian Federation,2017,APPLIED_WEIGHTED,TM.TAX.MRCH.WM.FN.ZS,4.45
RUS,Russian Federation,2017,MFN_WEIGHTED,TM.TAX.MRCH.WM.AR.ZS,3.61
RUS,Russian Federation,2018,APPLIED_WEIGHTED,TM.TAX.MRCH.WM.FN.ZS,4.38
RUS,Russian Federation,2018,MFN_WEIGHTED,TM.TAX.MRCH.WM.AR.ZS,3.51
RUS,Russian Federation,2019,APPLIED_WEIGHTED,TM.TAX.MRCH.WM.FN.ZS,7.4
RUS,Russian Federation,2019,MFN_WEIGHTED,TM.TAX.MRCH.WM.AR.ZS,5.34
RUS,Russian Federation,2020,APPLIED_WEIGHTED,TM.TAX.MRCH.WM.FN.ZS,4.87
RUS,Russian Federation,2020,MFN_WEIGHTED,TM.TAX.MRCH.WM.AR.ZS,4.07
RUS,Russian Federation,2021,APPLIED_WEIGHTED,TM.TAX.MRCH.WM.FN.ZS,5.11
RUS,Russian Federation,2021,MFN_WEIGHTED,TM.TAX.MRCH.WM.AR.ZS,4.17
SAU,Saudi Arabia,2005,APPLIED_WEIGHTED,TM.TAX.MRCH.WM.FN.ZS,4.35
SAU,Saudi Arabia,2005,MFN_WEIGHTED,TM.TAX.MRCH.WM.AR.ZS,4.05
SAU,Saudi Arabia,2006,APPLIED_WEIGHTED,TM.TAX.MRCH.WM.FN.ZS,4.41
SAU,Saudi Arabia,2006,MFN_WEIGHTED,TM.TAX.MRCH.WM.AR.ZS,4.12
SAU,Saudi Arabia,2007,APPLIED_WEIGHTED,TM.TAX.MRCH.WM.FN.ZS,4.06
SAU,Saudi Arabia,2007,MFN_WEIGHTED,TM.TAX.MRCH.WM.AR.ZS,3.77
SAU,Saudi Arabia,2008,APPLIED_WEIGHTED,TM.TAX.MRCH.WM.FN.ZS,3.56
SAU,Saudi Arabia,2008,MFN_WEIGHTED,TM.TAX.MRCH.WM.AR.ZS,3.25
SAU,Saudi Arabia,2009,APPLIED_WEIGHTED,TM.TAX.MRCH.WM.FN.ZS,3.44
SAU,Saudi Arabia,2009,MFN_WEIGHTED,TM.TAX.MRCH.WM.AR.ZS,3.13
SAU,Saudi Arabia,2011,APPLIED_WEIGHTED,TM.TAX.MRCH.WM.FN.ZS,4.16
SAU,Saudi Arabia,2011,MFN_WEIGHTED,TM.TAX.MRCH.WM.AR.ZS,4.16
SAU,Saudi Arabia,2012,APPLIED_WEIGHTED,TM.TAX.MRCH.WM.FN.ZS,3.96
SAU,Saudi Arabia,2012,MFN_WEIGHTED,TM.TAX.MRCH.WM.AR.ZS,3.57
SAU,Saudi Arabia,2013,APPLIED_WEIGHTED,TM.TAX.MRCH.WM.FN.ZS,3.96
SAU,Saudi Arabia,2013,MFN_WEIGHTED,TM.TAX.MRCH.WM.AR.ZS,3.57
SAU,Saudi Arabia,2014,APPLIED_WEIGHTED,TM.TAX.MRCH.WM.FN.ZS,3.84
SAU,Saudi Arabia,2014,MFN_WEIGHTED,TM.TAX.MRCH.WM.AR.ZS,3.39
SAU,Saudi Arabia,2015,APPLIED_WEIGHTED,TM.TAX.MRCH.WM.FN.ZS,4.45
SAU,Saudi Arabia,2015,MFN_WEIGHTED,TM.TAX.MRCH.WM.AR.ZS,4.45
SAU,Saudi Arabia,2017,APPLIED_WEIGHTED,TM.TAX.MRCH.WM.FN.ZS,5.02
SAU,Saudi Arabia,2017,MFN_WEIGHTED,TM.TAX.MRCH.WM.AR.ZS,4.85
SAU,Saudi Arabia,2020,APPLIED_WEIGHTED,TM.TAX.MRCH.WM.FN.ZS,5.19
SAU,Saudi Arabia,2020,MFN_WEIGHTED,TM.TAX.MRCH.WM.AR.ZS,4.23
SAU,Saudi Arabia,2022,APPLIED_WEIGHTED,TM.TAX.MRCH.WM.FN.ZS,5.4
SAU,Saudi Arabia,2022,MFN_WEIGHTED,TM.TAX.MRCH.WM.AR.ZS,5.4
SGP,Singapore,2005,APPLIED_WEIGHTED,TM.TAX.MRCH.WM.FN.ZS,0.03
SGP,Singapore,2005,MFN_WEIGHTED,TM.TAX.MRCH.WM.AR.ZS,0.03
SGP,Singapore,2006,APPLIED_WEIGHTED,TM.TAX.MRCH.WM.FN.ZS,0.03
SGP,Singapore,2006,MFN_WEIGHTED,TM.TAX.MRCH.WM.AR.ZS,0.01
SGP,Singapore,2007,APPLIED_WEIGHTED,TM.TAX.MRCH.WM.FN.ZS,0.03
SGP,Singapore,2007,MFN_WEIGHTED,TM.TAX.MRCH.WM.AR.ZS,0.01
SGP,Singapore,2008,APPLIED_WEIGHTED,TM.TAX.MRCH.WM.FN.ZS,0.15
SGP,Singapore,2008,MFN_WEIGHTED,TM.TAX.MRCH.WM.AR.ZS,0.05
SGP,Singapore,2009,APPLIED_WEIGHTED,TM.TAX.MRCH.WM.FN.ZS,0.18
SGP,Singapore,2009,MFN_WEIGHTED,TM.TAX.MRCH.WM.AR.ZS,0.06
SGP,Singapore,2010,APPLIED_WEIGHTED,TM.TAX.MRCH.WM.FN.ZS,0.14
SGP,Singapore,2010,MFN_WEIGHTED,TM.TAX.MRCH.WM.AR.ZS,0.05
SGP,Singapore,2011,APPLIED_WEIGHTED,TM.TAX.MRCH.WM.FN.ZS,0.16
SGP,Singapore,2011,MFN_WEIGHTED,TM.TAX.MRCH.WM.AR.ZS,0.16
SGP,Singapore,2012,APPLIED_WEIGHTED,TM.TAX.MRCH.WM.FN.ZS,0.18
SGP,Singapore,2012,MFN_WEIGHTED,TM.TAX.MRCH.WM.AR.ZS,0.06
SGP,Singapore,2013,APPLIED_WEIGHTED,TM.TAX.MRCH.WM.FN.ZS,0.25
SGP,Singapore,2013,MFN_WEIGHTED,TM.TAX.MRCH.WM.AR.ZS,0.07
SGP,Singapore,2014,APPLIED_WEIGHTED,TM.TAX.MRCH.WM.FN.ZS,0.24
SGP,Singapore,2014,MFN_WEIGHTED,TM.TAX.MRCH.WM.AR.ZS,0.07
SGP,Singapore,2015,APPLIED_WEIGHTED,TM.TAX.MRCH.WM.FN.ZS,0.28
SGP,Singapore,2015,MFN_WEIGHTED,TM.TAX.MRCH.WM.AR.ZS,0.07
SGP,Singapore,2016,APPLIED_WEIGHTED,TM.TAX.MRCH.WM.FN.ZS,0.24
SGP,Singapore,2016,MFN_WEIGHTED,TM.TAX.MRCH.WM.AR.ZS,0.07
SGP,Singapore,2017,APPLIED_WEIGHTED,TM.TAX.MRCH.WM.FN.ZS,0.21
SGP,Singapore,2017,MFN_WEIGHTED,TM.TAX.MRCH.WM.AR.ZS,0.07
SGP,Singapore,2018,APPLIED_WEIGHTED,TM.TAX.MRCH.WM.FN.ZS,0.68
SGP,Singapore,2018,MFN_WEIGHTED,TM.TAX.MRCH.WM.AR.ZS,0.24
SGP,Singapore,2019,APPLIED_WEIGHTED,TM.TAX.MRCH.WM.FN.ZS,1.44
SGP,Singapore,2019,MFN_WEIGHTED,TM.TAX.MRCH.WM.AR.ZS,0.39
SGP,Singapore,2020,APPLIED_WEIGHTED,TM.TAX.MRCH.WM.FN.ZS,0.16
SGP,Singapore,2020,MFN_WEIGHTED,TM.TAX.MRCH.WM.AR.ZS,0.05
SGP,Singapore,2021,APPLIED_WEIGHTED,TM.TAX.MRCH.WM.FN.ZS,0.16
SGP,Singapore,2021,MFN_WEIGHTED,TM.TAX.MRCH.WM.AR.ZS,0.0
SGP,Singapore,2022,APPLIED_WEIGHTED,TM.TAX.MRCH.WM.FN.ZS,0.11
SGP,Singapore,2022,MFN_WEIGHTED,TM.TAX.MRCH.WM.AR.ZS,0.0
SRB,Serbia,2005,APPLIED_WEIGHTED,TM.TAX.MRCH.WM.FN.ZS,6.03
SRB,Serbia,2005,MFN_WEIGHTED,TM.TAX.MRCH.WM.AR.ZS,6.03
SRB,Serbia,2007,APPLIED_WEIGHTED,TM.TAX.MRCH.WM.FN.ZS,6.28
SRB,Serbia,2007,MFN_WEIGHTED,TM.TAX.MRCH.WM.AR.ZS,5.63
SRB,Serbia,2008,APPLIED_WEIGHTED,TM.TAX.MRCH.WM.FN.ZS,6.15
SRB,Serbia,2008,MFN_WEIGHTED,TM.TAX.MRCH.WM.AR.ZS,5.51
SRB,Serbia,2009,APPLIED_WEIGHTED,TM.TAX.MRCH.WM.FN.ZS,6.1
SRB,Serbia,2009,MFN_WEIGHTED,TM.TAX.MRCH.WM.AR.ZS,3.56
SRB,Serbia,2010,APPLIED_WEIGHTED,TM.TAX.MRCH.WM.FN.ZS,5.65
SRB,Serbia,2010,MFN_WEIGHTED,TM.TAX.MRCH.WM.AR.ZS,2.79
SRB,Serbia,2011,APPLIED_WEIGHTED,TM.TAX.MRCH.WM.FN.ZS,5.76
SRB,Serbia,2011,MFN_WEIGHTED,TM.TAX.MRCH.WM.AR.ZS,2.36
SRB,Serbia,2013,APPLIED_WEIGHTED,TM.TAX.MRCH.WM.FN.ZS,5.92
SRB,Serbia,2013,MFN_WEIGHTED,TM.TAX.MRCH.WM.AR.ZS,4.82
SRB,Serbia,2015,APPLIED_WEIGHTED,TM.TAX.MRCH.WM.FN.ZS,6.26
SRB,Serbia,2015,MFN_WEIGHTED,TM.TAX.MRCH.WM.AR.ZS,1.29
SRB,Serbia,2016,APPLIED_WEIGHTED,TM.TAX.MRCH.WM.FN.ZS,6.48
SRB,Serbia,2016,MFN_WEIGHTED,TM.TAX.MRCH.WM.AR.ZS,1.37
SRB,Serbia,2017,APPLIED_WEIGHTED,TM.TAX.MRCH.WM.FN.ZS,6.49
SRB,Serbia,2017,MFN_WEIGHTED,TM.TAX.MRCH.WM.AR.ZS,1.41
SRB,Serbia,2018,APPLIED_WEIGHTED,TM.TAX.MRCH.WM.FN.ZS,6.49
SRB,Serbia,2018,MFN_WEIGHTED,TM.TAX.MRCH.WM.AR.ZS,1.44
SRB,Serbia,2021,APPLIED_WEIGHTED,TM.TAX.MRCH.WM.FN.ZS,6.78
SRB,Serbia,2021,MFN_WEIGHTED,TM.TAX.MRCH.WM.AR.ZS,1.72
SVK,Slovak Republic,2005,APPLIED_WEIGHTED,TM.TAX.MRCH.WM.FN.ZS,3.54
SVK,Slovak Republic,2005,MFN_WEIGHTED,TM.TAX.MRCH.WM.AR.ZS,2.46
SVK,Slovak Republic,2006,APPLIED_WEIGHTED,TM.TAX.MRCH.WM.FN.ZS,3.33
SVK,Slovak Republic,2006,MFN_WEIGHTED,TM.TAX.MRCH.WM.AR.ZS,2.3
SVK,Slovak Republic,2007,APPLIED_WEIGHTED,TM.TAX.MRCH.WM.FN.ZS,3.23
SVK,Slovak Republic,2007,MFN_WEIGHTED,TM.TAX.MRCH.WM.AR.ZS,2.24
SVK,Slovak Republic,2008,APPLIED_WEIGHTED,TM.TAX.MRCH.WM.FN.ZS,2.99
SVK,Slovak Republic,2008,MFN_WEIGHTED,TM.TAX.MRCH.WM.AR.ZS,1.72
SVK,Slovak Republic,2009,APPLIED_WEIGHTED,TM.TAX.MRCH.WM.FN.ZS,3.23
SVK,Slovak Republic,2009,MFN_WEIGHTED,TM.TAX.MRCH.WM.AR.ZS,1.85
SVK,Slovak Republic,2010,APPLIED_WEIGHTED,TM.TAX.MRCH.WM.FN.ZS,3.08
SVK,Slovak Republic,2010,MFN_WEIGHTED,TM.TAX.MRCH.WM.AR.ZS,2.13
SVK,Slovak Republic,2011,APPLIED_WEIGHTED,TM.TAX.MRCH.WM.FN.ZS,3.0
SVK,Slovak Republic,2011,MFN_WEIGHTED,TM.TAX.MRCH.WM.AR.ZS,1.59
SVK,Slovak Republic,2012,APPLIED_WEIGHTED,TM.TAX.MRCH.WM.FN.ZS,2.84
SVK,Slovak Republic,2012,MFN_WEIGHTED,TM.TAX.MRCH.WM.AR.ZS,1.46
SVK,Slovak Republic,2013,APPLIED_WEIGHTED,TM.TAX.MRCH.WM.FN.ZS,2.95
SVK,Slovak Republic,2013,MFN_WEIGHTED,TM.TAX.MRCH.WM.AR.ZS,1.49
SVK,Slovak Republic,2014,APPLIED_WEIGHTED,TM.TAX.MRCH.WM.FN.ZS,3.07
SVK,Slovak Republic,2014,MFN_WEIGHTED,TM.TAX.MRCH.WM.AR.ZS,2.03
SVK,Slovak Republic,2015,APPLIED_WEIGHTED,TM.TAX.MRCH.WM.FN.ZS,3.09
SVK,Slovak Republic,2015,MFN_WEIGHTED,TM.TAX.MRCH.WM.AR.ZS,2.02
SVK,Slovak Republic,2016,APPLIED_WEIGHTED,TM.TAX.MRCH.WM.FN.ZS,3.29
SVK,Slovak Republic,2016,MFN_WEIGHTED,TM.TAX.MRCH.WM.AR.ZS,2.09
SVK,Slovak Republic,2017,APPLIED_WEIGHTED,TM.TAX.MRCH.WM.FN.ZS,3.27
SVK,Slovak Republic,2017,MFN_WEIGHTED,TM.TAX.MRCH.WM.AR.ZS,1.96
SVK,Slovak Republic,2018,APPLIED_WEIGHTED,TM.TAX.MRCH.WM.FN.ZS,3.11
SVK,Slovak Republic,2018,MFN_WEIGHTED,TM.TAX.MRCH.WM.AR.ZS,1.83
SVK,Slovak Republic,2019,APPLIED_WEIGHTED,TM.TAX.MRCH.WM.FN.ZS,3.08
SVK,Slovak Republic,2019,MFN_WEIGHTED,TM.TAX.MRCH.WM.AR.ZS,1.84
SVK,Slovak Republic,2020,APPLIED_WEIGHTED,TM.TAX.MRCH.WM.FN.ZS,2.8
SVK,Slovak Republic,2020,MFN_WEIGHTED,TM.TAX.MRCH.WM.AR.ZS,1.48
SVK,Slovak Republic,2021,APPLIED_WEIGHTED,TM.TAX.MRCH.WM.FN.ZS,2.85
SVK,Slovak Republic,2021,MFN_WEIGHTED,TM.TAX.MRCH.WM.AR.ZS,1.39
SVK,Slovak Republic,2022,APPLIED_WEIGHTED,TM.TAX.MRCH.WM.FN.ZS,2.68
SVK,Slovak Republic,2022,MFN_WEIGHTED,TM.TAX.MRCH.WM.AR.ZS,1.33
THA,Thailand,2005,APPLIED_WEIGHTED,TM.TAX.MRCH.WM.FN.ZS,5.55
THA,Thailand,2005,MFN_WEIGHTED,TM.TAX.MRCH.WM.AR.ZS,4.81
THA,Thailand,2006,APPLIED_WEIGHTED,TM.TAX.MRCH.WM.FN.ZS,5.35
THA,Thailand,2006,MFN_WEIGHTED,TM.TAX.MRCH.WM.AR.ZS,4.62
THA,Thailand,2007,APPLIED_WEIGHTED,TM.TAX.MRCH.WM.FN.ZS,4.32
THA,Thailand,2007,MFN_WEIGHTED,TM.TAX.MRCH.WM.AR.ZS,4.32
THA,Thailand,2008,APPLIED_WEIGHTED,TM.TAX.MRCH.WM.FN.ZS,4.27
THA,Thailand,2008,MFN_WEIGHTED,TM.TAX.MRCH.WM.AR.ZS,4.27
THA,Thailand,2009,APPLIED_WEIGHTED,TM.TAX.MRCH.WM.FN.ZS,4.76
THA,Thailand,2009,MFN_WEIGHTED,TM.TAX.MRCH.WM.AR.ZS,4.76
THA,Thailand,2010,APPLIED_WEIGHTED,TM.TAX.MRCH.WM.FN.ZS,5.0
THA,Thailand,2010,MFN_WEIGHTED,TM.TAX.MRCH.WM.AR.ZS,5.0
THA,Thailand,2011,APPLIED_WEIGHTED,TM.TAX.MRCH.WM.FN.ZS,4.85
THA,Thailand,2011,MFN_WEIGHTED,TM.TAX.MRCH.WM.AR.ZS,4.85
THA,Thailand,2013,APPLIED_WEIGHTED,TM.TAX.MRCH.WM.FN.ZS,6.06
THA,Thailand,2013,MFN_WEIGHTED,TM.TAX.MRCH.WM.AR.ZS,6.06
THA,Thailand,2014,APPLIED_WEIGHTED,TM.TAX.MRCH.WM.FN.ZS,6.65
THA,Thailand,2014,MFN_WEIGHTED,TM.TAX.MRCH.WM.AR.ZS,3.53
THA,Thailand,2015,APPLIED_WEIGHTED,TM.TAX.MRCH.WM.FN.ZS,6.86
THA,Thailand,2015,MFN_WEIGHTED,TM.TAX.MRCH.WM.AR.ZS,3.52
THA,Thailand,2021,APPLIED_WEIGHTED,TM.TAX.MRCH.WM.FN.ZS,7.61
THA,Thailand,2021,MFN_WEIGHTED,TM.TAX.MRCH.WM.AR.ZS,3.15
THA,Thailand,2022,APPLIED_WEIGHTED,TM.TAX.MRCH.WM.FN.ZS,5.98
THA,Thailand,2022,MFN_WEIGHTED,TM.TAX.MRCH.WM.AR.ZS,3.67
TJK,Tajikistan,2006,APPLIED_WEIGHTED,TM.TAX.MRCH.WM.FN.ZS,6.98
TJK,Tajikistan,2006,MFN_WEIGHTED,TM.TAX.MRCH.WM.AR.ZS,3.97
TJK,Tajikistan,2010,APPLIED_WEIGHTED,TM.TAX.MRCH.WM.FN.ZS,8.02
TJK,Tajikistan,2010,MFN_WEIGHTED,TM.TAX.MRCH.WM.AR.ZS,5.94
TJK,Tajikistan,2012,APPLIED_WEIGHTED,TM.TAX.MRCH.WM.FN.ZS,7.27
TJK,Tajikistan,2012,MFN_WEIGHTED,TM.TAX.MRCH.WM.AR.ZS,5.22
TJK,Tajikistan,2013,APPLIED_WEIGHTED,TM.TAX.MRCH.WM.FN.ZS,7.58
TJK,Tajikistan,2013,MFN_WEIGHTED,TM.TAX.MRCH.WM.AR.ZS,5.69
TJK,Tajikistan,2014,APPLIED_WEIGHTED,TM.TAX.MRCH.WM.FN.ZS,7.48
TJK,Tajikistan,2014,MFN_WEIGHTED,TM.TAX.MRCH.WM.AR.ZS,5.56
TJK,Tajikistan,2015,APPLIED_WEIGHTED,TM.TAX.MRCH.WM.FN.ZS,7.81
TJK,Tajikistan,2015,MFN_WEIGHTED,TM.TAX.MRCH.WM.AR.ZS,7.18
TJK,Tajikistan,2016,APPLIED_WEIGHTED,TM.TAX.MRCH.WM.FN.ZS,7.55
TJK,Tajikistan,2016,MFN_WEIGHTED,TM.TAX.MRCH.WM.AR.ZS,5.7
TJK,Tajikistan,2017,APPLIED_WEIGHTED,TM.TAX.MRCH.WM.FN.ZS,7.27
TJK,Tajikistan,2017,MFN_WEIGHTED,TM.TAX.MRCH.WM.AR.ZS,4.98
TJK,Tajikistan,2020,APPLIED_WEIGHTED,TM.TAX.MRCH.WM.FN.ZS,7.23
TJK,Tajikistan,2020,MFN_WEIGHTED,TM.TAX.MRCH.WM.AR.ZS,3.93
TJK,Tajikistan,2021,APPLIED_WEIGHTED,TM.TAX.MRCH.WM.FN.ZS,6.36
TJK,Tajikistan,2021,MFN_WEIGHTED,TM.TAX.MRCH.WM.AR.ZS,2.31
TUR,Turkiye,2005,APPLIED_WEIGHTED,TM.TAX.MRCH.WM.FN.ZS,3.85
TUR,Turkiye,2005,MFN_WEIGHTED,TM.TAX.MRCH.WM.AR.ZS,1.5
TUR,Turkiye,2006,APPLIED_WEIGHTED,TM.TAX.MRCH.WM.FN.ZS,3.72
TUR,Turkiye,2006,MFN_WEIGHTED,TM.TAX.MRCH.WM.AR.ZS,1.47
TUR,Turkiye,2007,APPLIED_WEIGHTED,TM.TAX.MRCH.WM.FN.ZS,4.06
TUR,Turkiye,2007,MFN_WEIGHTED,TM.TAX.MRCH.WM.AR.ZS,2.06
TUR,Turkiye,2008,APPLIED_WEIGHTED,TM.TAX.MRCH.WM.FN.ZS,3.93
TUR,Turkiye,2008,MFN_WEIGHTED,TM.TAX.MRCH.WM.AR.ZS,1.97
TUR,Turkiye,2009,APPLIED_WEIGHTED,TM.TAX.MRCH.WM.FN.ZS,4.42
TUR,Turkiye,2009,MFN_WEIGHTED,TM.TAX.MRCH.WM.AR.ZS,2.21
TUR,Turkiye,2010,APPLIED_WEIGHTED,TM.TAX.MRCH.WM.FN.ZS,4.7
TUR,Turkiye,2010,MFN_WEIGHTED,TM.TAX.MRCH.WM.AR.ZS,2.35
TUR,Turkiye,2011,APPLIED_WEIGHTED,TM.TAX.MRCH.WM.FN.ZS,5.11
TUR,Turkiye,2011,MFN_WEIGHTED,TM.TAX.MRCH.WM.AR.ZS,2.65
TUR,Turkiye,2013,APPLIED_WEIGHTED,TM.TAX.MRCH.WM.FN.ZS,5.21
TUR,Turkiye,2013,MFN_WEIGHTED,TM.TAX.MRCH.WM.AR.ZS,2.78
TUR,Turkiye,2015,APPLIED_WEIGHTED,TM.TAX.MRCH.WM.FN.ZS,5.8
TUR,Turkiye,2015,MFN_WEIGHTED,TM.TAX.MRCH.WM.AR.ZS,3.19
TUR,Turkiye,2016,APPLIED_WEIGHTED,TM.TAX.MRCH.WM.FN.ZS,5.37
TUR,Turkiye,2016,MFN_WEIGHTED,TM.TAX.MRCH.WM.AR.ZS,2.74
TUR,Turkiye,2017,APPLIED_WEIGHTED,TM.TAX.MRCH.WM.FN.ZS,5.58
TUR,Turkiye,2017,MFN_WEIGHTED,TM.TAX.MRCH.WM.AR.ZS,3.45
TUR,Turkiye,2018,APPLIED_WEIGHTED,TM.TAX.MRCH.WM.FN.ZS,4.56
TUR,Turkiye,2018,MFN_WEIGHTED,TM.TAX.MRCH.WM.AR.ZS,2.5
TUR,Turkiye,2019,APPLIED_WEIGHTED,TM.TAX.MRCH.WM.FN.ZS,5.09
TUR,Turkiye,2019,MFN_WEIGHTED,TM.TAX.MRCH.WM.AR.ZS,3.13
TUR,Turkiye,2020,APPLIED_WEIGHTED,TM.TAX.MRCH.WM.FN.ZS,4.81
TUR,Turkiye,2020,MFN_WEIGHTED,TM.TAX.MRCH.WM.AR.ZS,2.85
TUR,Turkiye,2021,APPLIED_WEIGHTED,TM.TAX.MRCH.WM.FN.ZS,5.09
TUR,Turkiye,2021,MFN_WEIGHTED,TM.TAX.MRCH.WM.AR.ZS,3.22
TUR,Turkiye,2022,APPLIED_WEIGHTED,TM.TAX.MRCH.WM.FN.ZS,7.64
TUR,Turkiye,2022,MFN_WEIGHTED,TM.TAX.MRCH.WM.AR.ZS,4.31
UZB,Uzbekistan,2006,APPLIED_WEIGHTED,TM.TAX.MRCH.WM.FN.ZS,11.46
UZB,Uzbekistan,2006,MFN_WEIGHTED,TM.TAX.MRCH.WM.AR.ZS,7.54
UZB,Uzbekistan,2007,APPLIED_WEIGHTED,TM.TAX.MRCH.WM.FN.ZS,11.91
UZB,Uzbekistan,2007,MFN_WEIGHTED,TM.TAX.MRCH.WM.AR.ZS,6.91
UZB,Uzbekistan,2008,APPLIED_WEIGHTED,TM.TAX.MRCH.WM.FN.ZS,11.82
UZB,Uzbekistan,2008,MFN_WEIGHTED,TM.TAX.MRCH.WM.AR.ZS,8.58
UZB,Uzbekistan,2009,APPLIED_WEIGHTED,TM.TAX.MRCH.WM.FN.ZS,11.12
UZB,Uzbekistan,2009,MFN_WEIGHTED,TM.TAX.MRCH.WM.AR.ZS,7.04
UZB,Uzbekistan,2012,APPLIED_WEIGHTED,TM.TAX.MRCH.WM.FN.ZS,11.95
UZB,Uzbekistan,2012,MFN_WEIGHTED,TM.TAX.MRCH.WM.AR.ZS,7.21
UZB,Uzbekistan,2014,APPLIED_WEIGHTED,TM.TAX.MRCH.WM.FN.ZS,10.59
UZB,Uzbekistan,2014,MFN_WEIGHTED,TM.TAX.MRCH.WM.AR.ZS,6.83
UZB,Uzbekistan,2015,APPLIED_WEIGHTED,TM.TAX.MRCH.WM.FN.ZS,9.26
UZB,Uzbekistan,2015,MFN_WEIGHTED,TM.TAX.MRCH.WM.AR.ZS,8.73
UZB,Uzbekistan,2020,APPLIED_WEIGHTED,TM.TAX.MRCH.WM.FN.ZS,4.53
UZB,Uzbekistan,2020,MFN_WEIGHTED,TM.TAX.MRCH.WM.AR.ZS,2.63
UZB,Uzbekistan,2021,APPLIED_WEIGHTED,TM.TAX.MRCH.WM.FN.ZS,4.87
UZB,Uzbekistan,2021,MFN_WEIGHTED,TM.TAX.MRCH.WM.AR.ZS,2.56
VNM,Viet Nam,2005,APPLIED_WEIGHTED,TM.TAX.MRCH.WM.FN.ZS,12.73
VNM,Viet Nam,2005,MFN_WEIGHTED,TM.TAX.MRCH.WM.AR.ZS,11.35
VNM,Viet Nam,2006,APPLIED_WEIGHTED,TM.TAX.MRCH.WM.FN.ZS,11.71
VNM,Viet Nam,2006,MFN_WEIGHTED,TM.TAX.MRCH.WM.AR.ZS,10.21
VNM,Viet Nam,2007,APPLIED_WEIGHTED,TM.TAX.MRCH.WM.FN.ZS,11.39
VNM,Viet Nam,2007,MFN_WEIGHTED,TM.TAX.MRCH.WM.AR.ZS,9.13
VNM,Viet Nam,2008,APPLIED_WEIGHTED,TM.TAX.MRCH.WM.FN.ZS,6.12
VNM,Viet Nam,2008,MFN_WEIGHTED,TM.TAX.MRCH.WM.AR.ZS,5.03
VNM,Viet Nam,2009,APPLIED_WEIGHTED,TM.TAX.MRCH.WM.FN.ZS,7.88
VNM,Viet Nam,2009,MFN_WEIGHTED,TM.TAX.MRCH.WM.AR.ZS,6.76
VNM,Viet Nam,2010,APPLIED_WEIGHTED,TM.TAX.MRCH.WM.FN.ZS,6.47
VNM,Viet Nam,2010,MFN_WEIGHTED,TM.TAX.MRCH.WM.AR.ZS,5.02
VNM,Viet Nam,2012,APPLIED_WEIGHTED,TM.TAX.MRCH.WM.FN.ZS,4.98
VNM,Viet Nam,2012,MFN_WEIGHTED,TM.TAX.MRCH.WM.AR.ZS,3.65
VNM,Viet Nam,2013,APPLIED_WEIGHTED,TM.TAX.MRCH.WM.FN.ZS,5.37
VNM,Viet Nam,2013,MFN_WEIGHTED,TM.TAX.MRCH.WM.AR.ZS,3.54
VNM,Viet Nam,2014,APPLIED_WEIGHTED,TM.TAX.MRCH.WM.FN.ZS,5.42
VNM,Viet Nam,2014,MFN_WEIGHTED,TM.TAX.MRCH.WM.AR.ZS,3.43
VNM,Viet Nam,2015,APPLIED_WEIGHTED,TM.TAX.MRCH.WM.FN.ZS,5.76
VNM,Viet Nam,2015,MFN_WEIGHTED,TM.TAX.MRCH.WM.AR.ZS,3.14
VNM,Viet Nam,2016,APPLIED_WEIGHTED,TM.TAX.MRCH.WM.FN.ZS,5.75
VNM,Viet Nam,2016,MFN_WEIGHTED,TM.TAX.MRCH.WM.AR.ZS,2.86
VNM,Viet Nam,2017,APPLIED_WEIGHTED,TM.TAX.MRCH.WM.FN.ZS,5.88
VNM,Viet Nam,2017,MFN_WEIGHTED,TM.TAX.MRCH.WM.AR.ZS,2.69
VNM,Viet Nam,2018,APPLIED_WEIGHTED,TM.TAX.MRCH.WM.FN.ZS,8.97
VNM,Viet Nam,2018,MFN_WEIGHTED,TM.TAX.MRCH.WM.AR.ZS,4.39
VNM,Viet Nam,2019,APPLIED_WEIGHTED,TM.TAX.MRCH.WM.FN.ZS,5.6
VNM,Viet Nam,2019,MFN_WEIGHTED,TM.TAX.MRCH.WM.AR.ZS,1.66
VNM,Viet Nam,2020,APPLIED_WEIGHTED,TM.TAX.MRCH.WM.FN.ZS,5.3
VNM,Viet Nam,2020,MFN_WEIGHTED,TM.TAX.MRCH.WM.AR.ZS,1.34
VNM,Viet Nam,2021,APPLIED_WEIGHTED,TM.TAX.MRCH.WM.FN.ZS,5.28
VNM,Viet Nam,2021,MFN_WEIGHTED,TM.TAX.MRCH.WM.AR.ZS,1.17
VNM,Viet Nam,2022,APPLIED_WEIGHTED,TM.TAX.MRCH.WM.FN.ZS,4.98
VNM,Viet Nam,2022,MFN_WEIGHTED,TM.TAX.MRCH.WM.AR.ZS,1.07
ZAF,South Africa,2005,APPLIED_WEIGHTED,TM.TAX.MRCH.WM.FN.ZS,6.16
ZAF,South Africa,2005,MFN_WEIGHTED,TM.TAX.MRCH.WM.AR.ZS,5.64
ZAF,South Africa,2006,APPLIED_WEIGHTED,TM.TAX.MRCH.WM.FN.ZS,5.93
ZAF,South Africa,2006,MFN_WEIGHTED,TM.TAX.MRCH.WM.AR.ZS,5.29
ZAF,South Africa,2007,APPLIED_WEIGHTED,TM.TAX.MRCH.WM.FN.ZS,5.64
ZAF,South Africa,2007,MFN_WEIGHTED,TM.TAX.MRCH.WM.AR.ZS,4.81
ZAF,South Africa,2008,APPLIED_WEIGHTED,TM.TAX.MRCH.WM.FN.ZS,4.76
ZAF,South Africa,2008,MFN_WEIGHTED,TM.TAX.MRCH.WM.AR.ZS,3.9
ZAF,South Africa,2009,APPLIED_WEIGHTED,TM.TAX.MRCH.WM.FN.ZS,5.36
ZAF,South Africa,2009,MFN_WEIGHTED,TM.TAX.MRCH.WM.AR.ZS,4.32
ZAF,South Africa,2010,APPLIED_WEIGHTED,TM.TAX.MRCH.WM.FN.ZS,5.71
ZAF,South Africa,2010,MFN_WEIGHTED,TM.TAX.MRCH.WM.AR.ZS,4.59
ZAF,South Africa,2011,APPLIED_WEIGHTED,TM.TAX.MRCH.WM.FN.ZS,5.58
ZAF,South Africa,2011,MFN_WEIGHTED,TM.TAX.MRCH.WM.AR.ZS,4.39
ZAF,South Africa,2012,APPLIED_WEIGHTED,TM.TAX.MRCH.WM.FN.ZS,5.51
ZAF,South Africa,2012,MFN_WEIGHTED,TM.TAX.MRCH.WM.AR.ZS,4.22
ZAF,South Africa,2013,APPLIED_WEIGHTED,TM.TAX.MRCH.WM.FN.ZS,5.77
ZAF,South Africa,2013,MFN_WEIGHTED,TM.TAX.MRCH.WM.AR.ZS,4.15
ZAF,South Africa,2014,APPLIED_WEIGHTED,TM.TAX.MRCH.WM.FN.ZS,5.44
ZAF,South Africa,2014,MFN_WEIGHTED,TM.TAX.MRCH.WM.AR.ZS,3.87
ZAF,South Africa,2015,APPLIED_WEIGHTED,TM.TAX.MRCH.WM.FN.ZS,6.06
ZAF,South Africa,2015,MFN_WEIGHTED,TM.TAX.MRCH.WM.AR.ZS,4.38
ZAF,South Africa,2016,APPLIED_WEIGHTED,TM.TAX.MRCH.WM.FN.ZS,6.49
ZAF,South Africa,2016,MFN_WEIGHTED,TM.TAX.MRCH.WM.AR.ZS,4.51
ZAF,South Africa,2017,APPLIED_WEIGHTED,TM.TAX.MRCH.WM.FN.ZS,6.65
ZAF,South Africa,2017,MFN_WEIGHTED,TM.TAX.MRCH.WM.AR.ZS,4.61
ZAF,South Africa,2018,APPLIED_WEIGHTED,TM.TAX.MRCH.WM.FN.ZS,6.29
ZAF,South Africa,2018,MFN_WEIGHTED,TM.TAX.MRCH.WM.AR.ZS,4.32
ZAF,South Africa,2019,APPLIED_WEIGHTED,TM.TAX.MRCH.WM.FN.ZS,9.39
ZAF,South Africa,2019,MFN_WEIGHTED,TM.TAX.MRCH.WM.AR.ZS,5.37
ZAF,South Africa,2020,APPLIED_WEIGHTED,TM.TAX.MRCH.WM.FN.ZS,6.48
ZAF,South Africa,2020,MFN_WEIGHTED,TM.TAX.MRCH.WM.AR.ZS,4.4
ZAF,South Africa,2021,APPLIED_WEIGHTED,TM.TAX.MRCH.WM.FN.ZS,6.62
ZAF,South Africa,2021,MFN_WEIGHTED,TM.TAX.MRCH.WM.AR.ZS,4.46
ZAF,South Africa,2022,APPLIED_WEIGHTED,TM.TAX.MRCH.WM.FN.ZS,6.42
ZAF,South Africa,2022,MFN_WEIGHTED,TM.TAX.MRCH.WM.AR.ZS,4.66
